task_id,task_name,test_input_size,test_output_size,example_input_sizes,example_output_sizes,number_of_examples,test_input_colors,test_output_colors,nyu_attempt,nyu_successful_1_try,nyu_successful_3_tries
0,007bbfb7.json,"(3, 3)","(9, 9)","[(3, 3), (3, 3), (3, 3), (3, 3), (3, 3)]","[(9, 9), (9, 9), (9, 9), (9, 9), (9, 9)]",5,"[1, 0, 0, 0, 0, 0, 0, 1, 0, 0]","[1, 0, 0, 0, 0, 0, 0, 1, 0, 0]",0,0,0
1,00d62c1b.json,"(20, 20)","(20, 20)","[(6, 6), (10, 10), (10, 10), (10, 10), (20, 20)]","[(6, 6), (10, 10), (10, 10), (10, 10), (20, 20)]",5,"[1, 0, 0, 1, 0, 0, 0, 0, 0, 0]","[1, 0, 0, 1, 1, 0, 0, 0, 0, 0]",0,0,0
2,017c7c7b.json,"(3, 6)","(3, 9)","[(3, 6), (3, 6), (3, 6)]","[(3, 9), (3, 9), (3, 9)]",3,"[1, 1, 0, 0, 0, 0, 0, 0, 0, 0]","[1, 0, 1, 0, 0, 0, 0, 0, 0, 0]",0,0,0
3,025d127b.json,"(10, 10)","(10, 10)","[(9, 14), (9, 8)]","[(9, 14), (9, 8)]",2,"[1, 0, 0, 0, 1, 0, 0, 0, 0, 0]","[1, 0, 0, 0, 1, 0, 0, 0, 0, 0]",18,11,14
4,045e512c.json,"(21, 21)","(21, 21)","[(21, 21), (21, 21), (21, 21)]","[(21, 21), (21, 21), (21, 21)]",3,"[1, 0, 1, 1, 1, 0, 0, 0, 1, 0]","[1, 0, 1, 1, 1, 0, 0, 0, 1, 0]",0,0,0
5,0520fde7.json,"(7, 3)","(3, 3)","[(7, 3), (7, 3), (7, 3)]","[(3, 3), (3, 3), (3, 3)]",3,"[1, 1, 0, 0, 0, 1, 0, 0, 0, 0]","[1, 0, 1, 0, 0, 0, 0, 0, 0, 0]",0,0,0
6,05269061.json,"(7, 7)","(7, 7)","[(7, 7), (7, 7), (7, 7)]","[(7, 7), (7, 7), (7, 7)]",3,"[1, 1, 1, 0, 1, 0, 0, 0, 0, 0]","[0, 1, 1, 0, 1, 0, 0, 0, 0, 0]",0,0,0
7,05f2a901.json,"(10, 11)","(10, 11)","[(9, 14), (10, 9), (10, 11)]","[(9, 14), (10, 9), (10, 11)]",3,"[1, 0, 1, 0, 0, 0, 0, 0, 1, 0]","[1, 0, 1, 0, 0, 0, 0, 0, 1, 0]",0,0,0
8,06df4c85.json,"(26, 26)","(26, 26)","[(20, 20), (23, 23), (23, 23)]","[(20, 20), (23, 23), (23, 23)]",3,"[1, 0, 1, 1, 1, 0, 0, 0, 1, 0]","[1, 0, 1, 1, 1, 0, 0, 0, 1, 0]",0,0,0
9,08ed6ac7.json,"(9, 9)","(9, 9)","[(9, 9), (9, 9)]","[(9, 9), (9, 9)]",2,"[1, 0, 0, 0, 0, 1, 0, 0, 0, 0]","[1, 1, 1, 1, 1, 0, 0, 0, 0, 0]",0,0,0
10,09629e4f.json,"(11, 11)","(11, 11)","[(11, 11), (11, 11), (11, 11), (11, 11)]","[(11, 11), (11, 11), (11, 11), (11, 11)]",4,"[1, 0, 1, 1, 1, 1, 1, 0, 1, 0]","[1, 0, 1, 1, 1, 1, 1, 0, 0, 0]",0,0,0
11,0962bcdd.json,"(12, 12)","(12, 12)","[(12, 12), (12, 12)]","[(12, 12), (12, 12)]",2,"[1, 0, 0, 1, 1, 0, 0, 0, 0, 0]","[1, 0, 0, 1, 1, 0, 0, 0, 0, 0]",0,0,0
12,0a938d79.json,"(27, 11)","(27, 11)","[(25, 10), (23, 7), (9, 22), (8, 24)]","[(25, 10), (23, 7), (9, 22), (8, 24)]",4,"[1, 0, 0, 1, 1, 0, 0, 0, 0, 0]","[1, 0, 0, 1, 1, 0, 0, 0, 0, 0]",0,0,0
13,0b148d64.json,"(17, 15)","(6, 6)","[(21, 21), (19, 18), (17, 19)]","[(10, 10), (9, 7), (6, 9)]",3,"[1, 1, 0, 1, 0, 0, 0, 0, 0, 0]","[1, 1, 0, 0, 0, 0, 0, 0, 0, 0]",0,0,0
14,0ca9ddb6.json,"(9, 9)","(9, 9)","[(9, 9), (9, 9), (9, 9)]","[(9, 9), (9, 9), (9, 9)]",3,"[1, 1, 1, 0, 0, 0, 1, 0, 1, 0]","[1, 1, 1, 0, 1, 0, 1, 1, 1, 0]",0,0,0
15,0d3d703e.json,"(3, 3)","(3, 3)","[(3, 3), (3, 3), (3, 3), (3, 3)]","[(3, 3), (3, 3), (3, 3), (3, 3)]",4,"[0, 1, 0, 1, 0, 0, 0, 0, 1, 0]","[0, 0, 0, 0, 1, 1, 0, 0, 0, 1]",0,0,0
16,0dfd9992.json,"(21, 21)","(21, 21)","[(21, 21), (21, 21), (21, 21)]","[(21, 21), (21, 21), (21, 21)]",3,"[1, 1, 1, 1, 0, 1, 1, 0, 1, 1]","[0, 1, 1, 1, 0, 1, 1, 0, 1, 1]",0,0,0
17,0e206a2e.json,"(19, 24)","(19, 24)","[(18, 14), (15, 14), (14, 16)]","[(18, 14), (15, 14), (14, 16)]",3,"[1, 1, 1, 0, 1, 1, 0, 0, 0, 0]","[1, 1, 1, 0, 1, 1, 0, 0, 0, 0]",0,0,0
18,10fcaaa3.json,"(5, 6)","(10, 12)","[(4, 2), (4, 3), (3, 5), (4, 4)]","[(8, 4), (8, 6), (6, 10), (8, 8)]",4,"[1, 0, 0, 1, 0, 0, 0, 0, 0, 0]","[1, 0, 0, 1, 0, 0, 0, 0, 1, 0]",0,0,0
19,11852cab.json,"(10, 10)","(10, 10)","[(10, 10), (10, 10), (10, 10)]","[(10, 10), (10, 10), (10, 10)]",3,"[1, 1, 1, 0, 1, 0, 0, 0, 0, 0]","[1, 1, 1, 0, 1, 0, 0, 0, 0, 0]",0,0,0
20,1190e5a7.json,"(22, 22)","(3, 5)","[(15, 15), (11, 11), (27, 27)]","[(4, 2), (2, 3), (5, 6)]",3,"[0, 1, 0, 0, 0, 1, 0, 0, 0, 0]","[0, 1, 0, 0, 0, 0, 0, 0, 0, 0]",0,0,0
21,137eaa0f.json,"(11, 11)","(3, 3)","[(11, 11), (11, 11), (11, 11)]","[(3, 3), (3, 3), (3, 3)]",3,"[1, 0, 1, 0, 1, 1, 0, 0, 1, 1]","[0, 0, 1, 0, 1, 1, 0, 0, 1, 1]",0,0,0
22,150deff5.json,"(11, 8)","(11, 8)","[(11, 9), (10, 8), (9, 8)]","[(11, 9), (10, 8), (9, 8)]",3,"[1, 0, 0, 0, 0, 1, 0, 0, 0, 0]","[1, 0, 1, 0, 0, 0, 0, 0, 1, 0]",19,13,16
23,178fcbfb.json,"(11, 12)","(11, 12)","[(9, 9), (8, 10), (11, 10)]","[(9, 9), (8, 10), (11, 10)]",3,"[1, 1, 1, 1, 0, 0, 0, 0, 0, 0]","[1, 1, 1, 1, 0, 0, 0, 0, 0, 0]",0,0,0
24,1a07d186.json,"(26, 19)","(26, 19)","[(19, 18), (14, 15), (16, 15)]","[(19, 18), (14, 15), (16, 15)]",3,"[1, 0, 1, 1, 1, 0, 0, 0, 1, 0]","[1, 0, 1, 1, 1, 0, 0, 0, 0, 0]",0,0,0
25,1b2d62fb.json,"(7, 5)","(3, 5)","[(7, 5), (7, 5), (7, 5), (7, 5), (7, 5)]","[(3, 5), (3, 5), (3, 5), (3, 5), (3, 5)]",5,"[1, 1, 0, 0, 0, 0, 0, 0, 0, 1]","[1, 0, 0, 0, 0, 0, 0, 0, 1, 0]",0,0,0
26,1b60fb0c.json,"(10, 10)","(10, 10)","[(10, 10), (10, 10), (10, 10)]","[(10, 10), (10, 10), (10, 10)]",3,"[1, 1, 0, 0, 0, 0, 0, 0, 0, 0]","[1, 1, 1, 0, 0, 0, 0, 0, 0, 0]",0,0,0
27,1bfc4729.json,"(10, 10)","(10, 10)","[(10, 10), (10, 10)]","[(10, 10), (10, 10)]",2,"[1, 0, 1, 0, 0, 0, 0, 0, 1, 0]","[1, 0, 1, 0, 0, 0, 0, 0, 1, 0]",0,0,0
28,1c786137.json,"(16, 17)","(9, 8)","[(21, 23), (16, 13), (18, 17)]","[(8, 6), (3, 5), (10, 8)]",3,"[1, 1, 1, 1, 0, 0, 0, 0, 1, 0]","[1, 1, 1, 0, 0, 0, 0, 0, 1, 0]",0,0,0
29,1caeab9d.json,"(10, 10)","(10, 10)","[(10, 5), (10, 10), (10, 5)]","[(10, 5), (10, 10), (10, 5)]",3,"[1, 1, 1, 0, 1, 0, 0, 0, 0, 0]","[1, 1, 1, 0, 1, 0, 0, 0, 0, 0]",36,20,25
30,1cf80156.json,"(12, 12)","(6, 4)","[(12, 10), (12, 11), (12, 12)]","[(4, 4), (3, 5), (5, 3)]",3,"[1, 0, 0, 0, 0, 0, 1, 0, 0, 0]","[1, 0, 0, 0, 0, 0, 1, 0, 0, 0]",0,0,0
31,1e0a9b12.json,"(5, 5)","(5, 5)","[(4, 4), (6, 6), (5, 5)]","[(4, 4), (6, 6), (5, 5)]",3,"[1, 0, 1, 1, 1, 1, 1, 0, 0, 0]","[1, 0, 1, 1, 1, 1, 1, 0, 0, 0]",36,26,29
32,1e32b0e9.json,"(17, 17)","(17, 17)","[(17, 17), (17, 17), (17, 17)]","[(17, 17), (17, 17), (17, 17)]",3,"[1, 0, 0, 0, 1, 0, 0, 0, 0, 1]","[1, 0, 0, 0, 1, 0, 0, 0, 0, 1]",0,0,0
33,1f0c79e5.json,"(9, 9)","(9, 9)","[(9, 9), (9, 9), (9, 9), (9, 9)]","[(9, 9), (9, 9), (9, 9), (9, 9)]",4,"[1, 0, 1, 0, 0, 0, 0, 0, 1, 0]","[1, 0, 0, 0, 0, 0, 0, 0, 1, 0]",0,0,0
34,1f642eb9.json,"(10, 10)","(10, 10)","[(10, 10), (10, 10), (10, 10)]","[(10, 10), (10, 10), (10, 10)]",3,"[1, 0, 1, 1, 1, 0, 1, 1, 1, 1]","[1, 0, 1, 1, 1, 0, 1, 1, 1, 1]",0,0,0
35,1f85a75f.json,"(30, 30)","(4, 4)","[(30, 30), (30, 30)]","[(3, 5), (3, 3)]",2,"[1, 1, 1, 1, 0, 0, 0, 0, 1, 0]","[1, 0, 1, 0, 0, 0, 0, 0, 0, 0]",0,0,0
36,1f876c06.json,"(10, 10)","(10, 10)","[(10, 10), (10, 10), (10, 10)]","[(10, 10), (10, 10), (10, 10)]",3,"[1, 0, 0, 1, 1, 0, 1, 1, 0, 1]","[1, 0, 0, 1, 1, 0, 1, 1, 0, 1]",36,25,28
37,1fad071e.json,"(9, 9)","(5, 1)","[(9, 9), (9, 9), (9, 9)]","[(5, 1), (5, 1), (5, 1)]",3,"[1, 1, 1, 0, 0, 0, 0, 0, 0, 0]","[1, 1, 0, 0, 0, 0, 0, 0, 0, 0]",36,24,29
38,2013d3e2.json,"(10, 10)","(3, 3)","[(10, 10), (10, 10)]","[(3, 3), (3, 3)]",2,"[1, 0, 0, 1, 1, 0, 0, 0, 1, 0]","[1, 0, 0, 1, 1, 0, 0, 0, 1, 0]",0,0,0
39,2204b7a8.json,"(10, 10)","(10, 10)","[(10, 10), (10, 10), (10, 10)]","[(10, 10), (10, 10), (10, 10)]",3,"[1, 0, 0, 1, 1, 1, 0, 0, 0, 0]","[1, 0, 0, 0, 1, 1, 0, 0, 0, 0]",0,0,0
40,22168020.json,"(10, 10)","(10, 10)","[(10, 10), (10, 10), (10, 10)]","[(10, 10), (10, 10), (10, 10)]",3,"[1, 0, 0, 1, 1, 0, 0, 1, 0, 0]","[1, 0, 0, 1, 1, 0, 0, 1, 0, 0]",0,0,0
41,22233c11.json,"(10, 10)","(10, 10)","[(10, 10), (10, 10), (10, 10)]","[(10, 10), (10, 10), (10, 10)]",3,"[1, 0, 0, 1, 0, 0, 0, 0, 0, 0]","[1, 0, 0, 1, 0, 0, 0, 0, 1, 0]",0,0,0
42,2281f1f4.json,"(10, 10)","(10, 10)","[(10, 10), (10, 10), (10, 10)]","[(10, 10), (10, 10), (10, 10)]",3,"[1, 0, 0, 0, 0, 1, 0, 0, 0, 0]","[1, 0, 1, 0, 0, 1, 0, 0, 0, 0]",19,16,18
43,228f6490.json,"(10, 10)","(10, 10)","[(10, 10), (10, 10), (10, 10)]","[(10, 10), (10, 10), (10, 10)]",3,"[1, 0, 1, 0, 1, 1, 0, 1, 0, 0]","[1, 0, 1, 0, 1, 1, 0, 1, 0, 0]",18,12,17
44,22eb0ac0.json,"(10, 10)","(10, 10)","[(10, 10), (10, 10), (10, 10)]","[(10, 10), (10, 10), (10, 10)]",3,"[1, 0, 1, 1, 1, 0, 1, 0, 0, 1]","[1, 0, 1, 1, 1, 0, 1, 0, 0, 1]",0,0,0
45,234bbc79.json,"(11, 3)","(8, 3)","[(9, 3), (11, 3), (11, 3), (11, 3)]","[(7, 3), (9, 3), (9, 3), (8, 3)]",4,"[1, 1, 1, 1, 0, 1, 0, 0, 1, 0]","[1, 1, 1, 1, 0, 0, 0, 0, 1, 0]",0,0,0
46,23581191.json,"(9, 9)","(9, 9)","[(9, 9), (9, 9)]","[(9, 9), (9, 9)]",2,"[1, 0, 0, 0, 0, 0, 0, 1, 1, 0]","[1, 0, 1, 0, 0, 0, 0, 1, 1, 0]",0,0,0
47,239be575.json,"(6, 8)","(1, 1)","[(5, 5), (7, 5), (7, 6), (7, 6), (7, 6), (6, 6)]","[(1, 1), (1, 1), (1, 1), (1, 1), (1, 1), (1, 1)]",6,"[1, 0, 1, 0, 0, 0, 0, 0, 1, 0]","[0, 0, 0, 0, 0, 0, 0, 0, 1, 0]",0,0,0
48,23b5c85d.json,"(18, 18)","(3, 3)","[(10, 10), (20, 20), (15, 10), (15, 13), (15, 18)]","[(3, 3), (3, 2), (2, 3), (4, 3), (2, 2)]",5,"[1, 1, 0, 1, 1, 0, 1, 0, 0, 0]","[0, 0, 0, 0, 0, 0, 1, 0, 0, 0]",0,0,0
49,253bf280.json,"(13, 12)","(13, 12)","[(13, 7), (11, 10), (11, 12), (6, 9), (3, 3), (6, 5), (6, 7), (11, 12)]","[(13, 7), (11, 10), (11, 12), (6, 9), (3, 3), (6, 5), (6, 7), (11, 12)]",8,"[1, 0, 0, 0, 0, 0, 0, 0, 1, 0]","[1, 0, 0, 1, 0, 0, 0, 0, 1, 0]",0,0,0
50,25d487eb.json,"(11, 16)","(11, 16)","[(15, 10), (12, 12), (12, 15)]","[(15, 10), (12, 12), (12, 15)]",3,"[1, 0, 0, 0, 1, 0, 0, 0, 1, 0]","[1, 0, 0, 0, 1, 0, 0, 0, 1, 0]",0,0,0
51,25d8a9c8.json,"(3, 3)","(3, 3)","[(3, 3), (3, 3), (3, 3), (3, 3)]","[(3, 3), (3, 3), (3, 3), (3, 3)]",4,"[0, 0, 1, 1, 1, 0, 0, 0, 1, 0]","[1, 0, 0, 0, 0, 1, 0, 0, 0, 0]",0,0,0
52,25ff71a9.json,"(3, 3)","(3, 3)","[(3, 3), (3, 3), (3, 3), (3, 3)]","[(3, 3), (3, 3), (3, 3), (3, 3)]",4,"[1, 0, 1, 0, 0, 0, 0, 0, 0, 0]","[1, 0, 1, 0, 0, 0, 0, 0, 0, 0]",0,0,0
53,264363fd.json,"(30, 30)","(30, 30)","[(30, 30), (30, 30), (30, 30)]","[(30, 30), (30, 30), (30, 30)]",3,"[0, 1, 1, 1, 1, 0, 0, 0, 1, 0]","[0, 1, 1, 1, 1, 0, 0, 0, 1, 0]",0,0,0
54,272f95fa.json,"(15, 17)","(15, 17)","[(19, 18), (14, 12)]","[(19, 18), (14, 12)]",2,"[1, 0, 0, 0, 0, 0, 0, 0, 1, 0]","[1, 1, 1, 1, 1, 0, 1, 0, 1, 0]",0,0,0
55,27a28665.json,"(3, 3)","(1, 1)","[(3, 3), (3, 3), (3, 3), (3, 3), (3, 3), (3, 3), (3, 3)]","[(1, 1), (1, 1), (1, 1), (1, 1), (1, 1), (1, 1), (1, 1)]",7,"[1, 0, 0, 0, 0, 0, 0, 0, 1, 0]","[0, 0, 0, 0, 0, 0, 1, 0, 0, 0]",0,0,0
56,28bf18c6.json,"(8, 8)","(6, 3)","[(8, 8), (8, 8), (8, 8)]","[(6, 3), (6, 3), (6, 3)]",3,"[1, 0, 0, 1, 0, 0, 0, 0, 0, 0]","[1, 0, 0, 1, 0, 0, 0, 0, 0, 0]",0,0,0
57,28e73c20.json,"(18, 18)","(18, 18)","[(6, 6), (8, 8), (15, 15), (13, 13), (10, 10)]","[(6, 6), (8, 8), (15, 15), (13, 13), (10, 10)]",5,"[1, 0, 0, 0, 0, 0, 0, 0, 0, 0]","[1, 0, 0, 1, 0, 0, 0, 0, 0, 0]",0,0,0
58,29623171.json,"(11, 11)","(11, 11)","[(11, 11), (11, 11), (11, 11)]","[(11, 11), (11, 11), (11, 11)]",3,"[1, 0, 0, 0, 1, 1, 0, 0, 0, 0]","[1, 0, 0, 0, 1, 1, 0, 0, 0, 0]",0,0,0
59,29c11459.json,"(11, 5)","(11, 5)","[(11, 5), (11, 5)]","[(11, 5), (11, 5)]",2,"[1, 0, 0, 0, 1, 0, 1, 0, 1, 1]","[1, 0, 0, 0, 1, 1, 1, 0, 1, 1]",0,0,0
60,29ec7d0e.json,"(18, 18)","(18, 18)","[(18, 18), (18, 18), (18, 18), (18, 18)]","[(18, 18), (18, 18), (18, 18), (18, 18)]",4,"[1, 1, 1, 1, 1, 1, 1, 1, 1, 1]","[0, 1, 1, 1, 1, 1, 1, 1, 1, 1]",0,0,0
61,2bcee788.json,"(10, 10)","(10, 10)","[(10, 10), (10, 10), (10, 10), (10, 10)]","[(10, 10), (10, 10), (10, 10), (10, 10)]",4,"[1, 1, 1, 0, 0, 0, 0, 0, 0, 0]","[0, 1, 0, 1, 0, 0, 0, 0, 0, 0]",0,0,0
62,2bee17df.json,"(14, 14)","(14, 14)","[(12, 12), (12, 12), (10, 10)]","[(12, 12), (12, 12), (10, 10)]",3,"[1, 0, 1, 0, 0, 0, 0, 0, 1, 0]","[1, 0, 1, 1, 0, 0, 0, 0, 1, 0]",0,0,0
63,2c608aff.json,"(21, 19)","(21, 19)","[(12, 9), (12, 10), (12, 14), (18, 14)]","[(12, 9), (12, 10), (12, 14), (18, 14)]",4,"[0, 1, 1, 0, 0, 0, 0, 0, 1, 0]","[0, 1, 1, 0, 0, 0, 0, 0, 1, 0]",0,0,0
64,2dc579da.json,"(13, 13)","(6, 6)","[(5, 5), (7, 7), (11, 11)]","[(2, 2), (3, 3), (5, 5)]",3,"[1, 1, 1, 0, 0, 0, 0, 0, 0, 0]","[0, 1, 1, 0, 0, 0, 0, 0, 0, 0]",0,0,0
65,2dd70a9a.json,"(13, 13)","(13, 13)","[(20, 20), (10, 10), (15, 15)]","[(20, 20), (10, 10), (15, 15)]",3,"[1, 0, 1, 1, 0, 0, 0, 0, 1, 0]","[1, 0, 1, 1, 0, 0, 0, 0, 1, 0]",0,0,0
66,2dee498d.json,"(15, 5)","(5, 5)","[(9, 3), (12, 4), (6, 2)]","[(3, 3), (4, 4), (2, 2)]",3,"[1, 1, 1, 0, 1, 0, 0, 0, 0, 0]","[1, 1, 1, 0, 1, 0, 0, 0, 0, 0]",0,0,0
67,31aa019c.json,"(10, 10)","(10, 10)","[(10, 10), (10, 10), (10, 10)]","[(10, 10), (10, 10), (10, 10)]",3,"[1, 1, 1, 1, 1, 1, 1, 1, 1, 1]","[1, 0, 1, 0, 0, 0, 0, 0, 0, 1]",20,13,17
68,321b1fc6.json,"(10, 10)","(10, 10)","[(10, 10), (10, 10)]","[(10, 10), (10, 10)]",2,"[1, 0, 0, 1, 1, 0, 0, 0, 1, 0]","[1, 0, 0, 1, 1, 0, 0, 0, 0, 0]",0,0,0
69,32597951.json,"(17, 17)","(17, 17)","[(17, 17), (17, 17), (17, 17)]","[(17, 17), (17, 17), (17, 17)]",3,"[1, 1, 0, 0, 0, 0, 0, 0, 1, 0]","[1, 1, 0, 1, 0, 0, 0, 0, 1, 0]",0,0,0
70,3345333e.json,"(16, 16)","(16, 16)","[(16, 16), (16, 16)]","[(16, 16), (16, 16)]",2,"[1, 0, 0, 0, 0, 1, 0, 0, 1, 0]","[1, 0, 0, 0, 0, 1, 0, 0, 0, 0]",0,0,0
71,3428a4f5.json,"(5, 13)","(5, 6)","[(5, 13), (5, 13), (5, 13), (5, 13)]","[(5, 6), (5, 6), (5, 6), (5, 6)]",4,"[1, 0, 1, 0, 1, 0, 0, 0, 0, 0]","[1, 0, 0, 1, 0, 0, 0, 0, 0, 0]",0,0,0
72,3618c87e.json,"(5, 5)","(5, 5)","[(5, 5), (5, 5), (5, 5)]","[(5, 5), (5, 5), (5, 5)]",3,"[1, 1, 0, 0, 0, 1, 0, 0, 0, 0]","[1, 1, 0, 0, 0, 1, 0, 0, 0, 0]",0,0,0
73,3631a71a.json,"(30, 30)","(30, 30)","[(30, 30), (30, 30), (30, 30), (30, 30)]","[(30, 30), (30, 30), (30, 30), (30, 30)]",4,"[1, 1, 1, 1, 1, 1, 1, 1, 1, 1]","[1, 1, 1, 1, 1, 1, 1, 1, 1, 0]",0,0,0
74,363442ee.json,"(13, 9)","(13, 9)","[(13, 9), (13, 9), (13, 9)]","[(13, 9), (13, 9), (13, 9)]",3,"[1, 1, 0, 1, 1, 1, 0, 0, 1, 1]","[1, 0, 0, 1, 1, 1, 0, 0, 1, 1]",0,0,0
75,36d67576.json,"(15, 14)","(15, 14)","[(13, 13), (13, 13), (13, 13)]","[(13, 13), (13, 13), (13, 13)]",3,"[1, 1, 1, 1, 1, 0, 0, 0, 0, 0]","[1, 1, 1, 1, 1, 0, 0, 0, 0, 0]",0,0,0
76,36fdfd69.json,"(18, 17)","(18, 17)","[(18, 17), (16, 15), (14, 15)]","[(18, 17), (16, 15), (14, 15)]",3,"[1, 0, 1, 0, 0, 0, 0, 0, 0, 1]","[1, 0, 1, 0, 1, 0, 0, 0, 0, 1]",0,0,0
77,3906de3d.json,"(10, 10)","(10, 10)","[(10, 10), (10, 10), (10, 10)]","[(10, 10), (10, 10), (10, 10)]",3,"[1, 1, 1, 0, 0, 0, 0, 0, 0, 0]","[1, 1, 1, 0, 0, 0, 0, 0, 0, 0]",0,0,0
78,39a8645d.json,"(14, 14)","(3, 3)","[(14, 14), (14, 14), (14, 14)]","[(3, 3), (3, 3), (3, 3)]",3,"[1, 0, 1, 1, 0, 0, 0, 0, 1, 0]","[1, 0, 1, 0, 0, 0, 0, 0, 0, 0]",20,18,18
79,39e1d7f9.json,"(29, 29)","(29, 29)","[(24, 24), (27, 27), (27, 27)]","[(24, 24), (27, 27), (27, 27)]",3,"[1, 0, 0, 1, 1, 0, 1, 0, 1, 0]","[1, 0, 0, 1, 1, 0, 1, 0, 1, 0]",0,0,0
80,3aa6fb7a.json,"(7, 7)","(7, 7)","[(7, 7), (7, 7)]","[(7, 7), (7, 7)]",2,"[1, 0, 0, 0, 0, 0, 0, 0, 1, 0]","[1, 1, 0, 0, 0, 0, 0, 0, 1, 0]",20,20,20
81,3ac3eb23.json,"(12, 6)","(12, 6)","[(10, 6), (7, 6)]","[(10, 6), (7, 6)]",2,"[1, 0, 0, 1, 0, 0, 1, 1, 0, 0]","[1, 0, 0, 1, 0, 0, 1, 1, 0, 0]",0,0,0
82,3af2c5a8.json,"(4, 3)","(8, 6)","[(4, 3), (4, 3), (4, 3)]","[(8, 6), (8, 6), (8, 6)]",3,"[1, 0, 0, 0, 1, 0, 0, 0, 0, 0]","[1, 0, 0, 0, 1, 0, 0, 0, 0, 0]",36,15,20
83,3bd67248.json,"(10, 10)","(10, 10)","[(15, 15), (3, 3), (7, 7)]","[(15, 15), (3, 3), (7, 7)]",3,"[1, 0, 0, 1, 0, 0, 0, 0, 0, 0]","[1, 0, 1, 1, 1, 0, 0, 0, 0, 0]",0,0,0
84,3bdb4ada.json,"(20, 11)","(20, 11)","[(30, 8), (20, 8)]","[(30, 8), (20, 8)]",2,"[1, 0, 0, 0, 1, 1, 0, 0, 1, 0]","[1, 0, 0, 0, 1, 1, 0, 0, 1, 0]",0,0,0
85,3befdf3e.json,"(12, 12)","(12, 12)","[(10, 10), (10, 10), (10, 10)]","[(10, 10), (10, 10), (10, 10)]",3,"[1, 0, 0, 1, 0, 0, 0, 0, 1, 0]","[1, 0, 0, 1, 0, 0, 0, 0, 1, 0]",0,0,0
86,3c9b0459.json,"(3, 3)","(3, 3)","[(3, 3), (3, 3), (3, 3), (3, 3)]","[(3, 3), (3, 3), (3, 3), (3, 3)]",4,"[0, 0, 0, 0, 1, 0, 1, 1, 0, 0]","[0, 0, 0, 0, 1, 0, 1, 1, 0, 0]",0,0,0
87,3de23699.json,"(19, 18)","(10, 8)","[(7, 7), (9, 12), (14, 12), (18, 12)]","[(3, 3), (5, 3), (4, 4), (8, 4)]",4,"[1, 0, 1, 1, 0, 0, 0, 0, 0, 0]","[1, 0, 1, 0, 0, 0, 0, 0, 0, 0]",0,0,0
88,3e980e27.json,"(13, 13)","(13, 13)","[(13, 13), (13, 13), (13, 13), (13, 13)]","[(13, 13), (13, 13), (13, 13), (13, 13)]",4,"[1, 1, 1, 1, 0, 0, 0, 0, 1, 0]","[1, 1, 1, 1, 0, 0, 0, 0, 1, 0]",0,0,0
89,3eda0437.json,"(24, 4)","(24, 4)","[(30, 3), (20, 4), (20, 2), (20, 4)]","[(30, 3), (20, 4), (20, 2), (20, 4)]",4,"[1, 1, 0, 0, 0, 0, 0, 0, 0, 0]","[1, 1, 0, 0, 0, 0, 1, 0, 0, 0]",0,0,0
90,3f7978a0.json,"(13, 14)","(4, 10)","[(9, 9), (11, 9), (13, 11)]","[(5, 5), (7, 5), (5, 6)]",3,"[1, 0, 0, 0, 0, 1, 0, 0, 1, 0]","[1, 0, 0, 0, 0, 1, 0, 0, 1, 0]",0,0,0
91,40853293.json,"(20, 20)","(20, 20)","[(20, 30), (10, 20)]","[(20, 30), (10, 20)]",2,"[1, 0, 1, 1, 0, 1, 0, 1, 1, 0]","[1, 0, 1, 1, 0, 1, 0, 1, 1, 0]",0,0,0
92,4093f84a.json,"(14, 14)","(14, 14)","[(14, 14), (14, 14), (14, 14)]","[(14, 14), (14, 14), (14, 14)]",3,"[1, 0, 0, 0, 1, 1, 0, 0, 0, 0]","[1, 0, 0, 0, 0, 1, 0, 0, 0, 0]",0,0,0
93,41e4d17e.json,"(15, 15)","(15, 15)","[(15, 15), (15, 15)]","[(15, 15), (15, 15)]",2,"[0, 1, 0, 0, 0, 0, 0, 0, 1, 0]","[0, 1, 0, 0, 0, 0, 1, 0, 1, 0]",0,0,0
94,4258a5f9.json,"(9, 9)","(9, 9)","[(9, 9), (9, 9)]","[(9, 9), (9, 9)]",2,"[1, 0, 0, 0, 0, 1, 0, 0, 0, 0]","[1, 1, 0, 0, 0, 1, 0, 0, 0, 0]",0,0,0
95,4290ef0e.json,"(19, 19)","(11, 11)","[(17, 13), (18, 18), (18, 18)]","[(7, 7), (7, 7), (11, 11)]",3,"[0, 1, 1, 1, 1, 0, 1, 0, 1, 0]","[0, 1, 1, 1, 1, 0, 1, 0, 1, 0]",0,0,0
96,42a50994.json,"(14, 17)","(14, 17)","[(11, 16), (18, 12), (19, 11), (9, 17)]","[(11, 16), (18, 12), (19, 11), (9, 17)]",4,"[1, 0, 0, 1, 0, 0, 0, 0, 0, 0]","[1, 0, 0, 1, 0, 0, 0, 0, 0, 0]",0,0,0
97,4347f46a.json,"(19, 17)","(19, 17)","[(16, 18), (7, 8), (12, 11)]","[(16, 18), (7, 8), (12, 11)]",3,"[1, 1, 0, 1, 1, 0, 1, 0, 1, 0]","[1, 1, 0, 1, 1, 0, 1, 0, 1, 0]",0,0,0
98,444801d8.json,"(10, 10)","(10, 10)","[(10, 10), (10, 10), (10, 10)]","[(10, 10), (10, 10), (10, 10)]",3,"[1, 1, 0, 0, 1, 0, 0, 1, 0, 0]","[1, 1, 0, 0, 1, 0, 0, 1, 0, 0]",20,16,20
99,445eab21.json,"(10, 10)","(2, 2)","[(10, 10), (10, 10), (10, 10)]","[(2, 2), (2, 2), (2, 2)]",3,"[1, 0, 0, 1, 0, 0, 0, 0, 0, 1]","[0, 0, 0, 1, 0, 0, 0, 0, 0, 0]",0,0,0
100,447fd412.json,"(21, 17)","(21, 17)","[(12, 14), (12, 14), (12, 14)]","[(12, 14), (12, 14), (12, 14)]",3,"[1, 1, 1, 0, 0, 0, 0, 0, 0, 0]","[1, 1, 1, 0, 0, 0, 0, 0, 0, 0]",0,0,0
101,44d8ac46.json,"(12, 12)","(12, 12)","[(12, 12), (12, 12), (12, 12), (12, 12)]","[(12, 12), (12, 12), (12, 12), (12, 12)]",4,"[1, 0, 0, 0, 0, 1, 0, 0, 0, 0]","[1, 0, 1, 0, 0, 1, 0, 0, 0, 0]",0,0,0
102,44f52bb0.json,"(3, 3)","(1, 1)","[(3, 3), (3, 3), (3, 3), (3, 3), (3, 3), (3, 3)]","[(1, 1), (1, 1), (1, 1), (1, 1), (1, 1), (1, 1)]",6,"[1, 0, 1, 0, 0, 0, 0, 0, 0, 0]","[0, 1, 0, 0, 0, 0, 0, 0, 0, 0]",0,0,0
103,4522001f.json,"(3, 3)","(9, 9)","[(3, 3), (3, 3)]","[(9, 9), (9, 9)]",2,"[1, 0, 1, 1, 0, 0, 0, 0, 0, 0]","[1, 0, 0, 1, 0, 0, 0, 0, 0, 0]",0,0,0
104,4612dd53.json,"(13, 13)","(13, 13)","[(13, 9), (13, 11), (13, 13)]","[(13, 9), (13, 11), (13, 13)]",3,"[1, 1, 0, 0, 0, 0, 0, 0, 0, 0]","[1, 1, 1, 0, 0, 0, 0, 0, 0, 0]",0,0,0
105,46442a0e.json,"(3, 3)","(6, 6)","[(2, 2), (3, 3), (3, 3)]","[(4, 4), (6, 6), (6, 6)]",3,"[0, 1, 0, 0, 1, 0, 0, 0, 0, 1]","[0, 1, 0, 0, 1, 0, 0, 0, 0, 1]",0,0,0
106,469497ad.json,"(5, 5)","(25, 25)","[(5, 5), (5, 5), (5, 5)]","[(10, 10), (15, 15), (20, 20)]",3,"[1, 1, 0, 0, 0, 0, 1, 1, 1, 1]","[1, 1, 1, 0, 0, 0, 1, 1, 1, 1]",0,0,0
107,46f33fce.json,"(10, 10)","(20, 20)","[(10, 10), (10, 10), (10, 10)]","[(20, 20), (20, 20), (20, 20)]",3,"[1, 1, 1, 1, 1, 0, 1, 0, 0, 0]","[1, 1, 1, 1, 1, 0, 1, 0, 0, 0]",0,0,0
108,47c1f68c.json,"(13, 13)","(12, 12)","[(11, 11), (9, 9), (7, 7)]","[(10, 10), (8, 8), (6, 6)]",3,"[1, 0, 0, 1, 0, 0, 0, 0, 1, 0]","[1, 0, 0, 1, 0, 0, 0, 0, 0, 0]",21,4,8
109,484b58aa.json,"(29, 29)","(29, 29)","[(29, 29), (29, 29), (29, 29)]","[(29, 29), (29, 29), (29, 29)]",3,"[1, 1, 1, 1, 0, 1, 1, 0, 1, 1]","[0, 1, 1, 1, 0, 1, 1, 0, 1, 1]",0,0,0
110,48d8fb45.json,"(10, 10)","(3, 3)","[(10, 10), (10, 10), (10, 10)]","[(3, 3), (3, 3), (3, 3)]",3,"[1, 0, 0, 1, 0, 1, 0, 0, 0, 0]","[1, 0, 0, 1, 0, 0, 0, 0, 0, 0]",0,0,0
111,4938f0c2.json,"(14, 18)","(14, 18)","[(30, 20), (10, 10), (14, 12)]","[(30, 20), (10, 10), (14, 12)]",3,"[1, 0, 1, 1, 0, 0, 0, 0, 0, 0]","[1, 0, 1, 1, 0, 0, 0, 0, 0, 0]",0,0,0
112,496994bd.json,"(6, 10)","(6, 10)","[(3, 10), (5, 10)]","[(3, 10), (5, 10)]",2,"[1, 0, 0, 1, 0, 1, 0, 0, 0, 0]","[1, 0, 0, 1, 0, 1, 0, 0, 0, 0]",0,0,0
113,49d1d64f.json,"(2, 3)","(4, 5)","[(2, 2), (3, 2), (3, 3)]","[(4, 4), (5, 4), (5, 5)]",3,"[0, 1, 1, 1, 1, 0, 0, 0, 1, 0]","[1, 1, 1, 1, 1, 0, 0, 0, 1, 0]",0,0,0
114,4be741c5.json,"(14, 14)","(4, 1)","[(16, 14), (7, 9), (9, 11)]","[(3, 1), (1, 3), (1, 4)]",3,"[0, 1, 1, 1, 0, 0, 0, 0, 1, 0]","[0, 1, 1, 1, 0, 0, 0, 0, 1, 0]",0,0,0
115,4c4377d9.json,"(4, 3)","(4, 6)","[(4, 3), (4, 3), (4, 3), (4, 3)]","[(4, 6), (4, 6), (4, 6), (4, 6)]",4,"[0, 0, 0, 0, 1, 0, 0, 0, 0, 1]","[0, 0, 0, 0, 1, 0, 0, 0, 0, 1]",0,0,0
116,4c5c2cf0.json,"(15, 15)","(15, 15)","[(14, 14), (14, 14), (12, 12)]","[(14, 14), (14, 14), (12, 12)]",3,"[1, 0, 0, 0, 1, 0, 0, 1, 0, 0]","[1, 0, 0, 0, 1, 0, 0, 1, 0, 0]",0,0,0
117,50846271.json,"(22, 19)","(22, 19)","[(22, 20), (20, 20), (19, 18), (12, 11)]","[(22, 20), (20, 20), (19, 18), (12, 11)]",4,"[1, 0, 1, 0, 0, 1, 0, 0, 0, 0]","[1, 0, 1, 0, 0, 1, 0, 0, 1, 0]",0,0,0
118,508bd3b6.json,"(12, 12)","(12, 12)","[(12, 12), (12, 12), (12, 12)]","[(12, 12), (12, 12), (12, 12)]",3,"[1, 0, 1, 0, 0, 0, 0, 0, 1, 0]","[1, 0, 1, 1, 0, 0, 0, 0, 1, 0]",0,0,0
119,50cb2852.json,"(13, 14)","(13, 14)","[(15, 13), (11, 12), (13, 12)]","[(15, 13), (11, 12), (13, 12)]",3,"[1, 1, 1, 1, 0, 0, 0, 0, 0, 0]","[1, 1, 1, 1, 0, 0, 0, 0, 1, 0]",0,0,0
120,5117e062.json,"(13, 13)","(3, 3)","[(13, 13), (13, 13), (13, 13)]","[(3, 3), (3, 3), (3, 3)]",3,"[1, 1, 1, 1, 0, 0, 0, 1, 1, 0]","[1, 0, 0, 0, 0, 0, 0, 1, 0, 0]",0,0,0
121,5168d44c.json,"(17, 7)","(17, 7)","[(13, 7), (7, 13), (7, 7)]","[(13, 7), (7, 13), (7, 7)]",3,"[1, 0, 1, 1, 0, 0, 0, 0, 0, 0]","[1, 0, 1, 1, 0, 0, 0, 0, 0, 0]",0,0,0
122,539a4f51.json,"(5, 5)","(10, 10)","[(5, 5), (5, 5), (5, 5)]","[(10, 10), (10, 10), (10, 10)]",3,"[0, 0, 1, 1, 0, 0, 0, 1, 0, 0]","[0, 0, 1, 1, 0, 0, 0, 1, 0, 0]",0,0,0
123,53b68214.json,"(10, 8)","(10, 10)","[(10, 6), (10, 5), (10, 8)]","[(10, 10), (10, 10), (10, 10)]",3,"[1, 0, 0, 0, 0, 0, 1, 0, 0, 0]","[1, 0, 0, 0, 0, 0, 1, 0, 0, 0]",0,0,0
124,543a7ed5.json,"(15, 15)","(15, 15)","[(15, 15), (15, 15)]","[(15, 15), (15, 15)]",2,"[0, 0, 0, 0, 0, 0, 1, 0, 1, 0]","[0, 0, 0, 1, 1, 0, 1, 0, 1, 0]",0,0,0
125,54d82841.json,"(11, 7)","(11, 7)","[(8, 8), (5, 5), (7, 5)]","[(8, 8), (5, 5), (7, 5)]",3,"[1, 0, 0, 1, 0, 1, 0, 0, 1, 0]","[1, 0, 0, 1, 1, 1, 0, 0, 1, 0]",0,0,0
126,54d9e175.json,"(11, 7)","(11, 7)","[(11, 3), (11, 3), (11, 3), (11, 7)]","[(11, 3), (11, 3), (11, 3), (11, 7)]",4,"[1, 1, 1, 1, 1, 1, 0, 0, 0, 0]","[0, 0, 0, 0, 0, 1, 1, 1, 1, 1]",0,0,0
127,5521c0d9.json,"(15, 15)","(15, 15)","[(15, 15), (15, 15), (15, 15)]","[(15, 15), (15, 15), (15, 15)]",3,"[1, 1, 1, 0, 1, 0, 0, 0, 0, 0]","[1, 1, 1, 0, 1, 0, 0, 0, 0, 0]",0,0,0
128,5582e5ca.json,"(3, 3)","(3, 3)","[(3, 3), (3, 3), (3, 3)]","[(3, 3), (3, 3), (3, 3)]",3,"[1, 0, 0, 1, 1, 0, 1, 0, 1, 1]","[0, 0, 0, 0, 0, 0, 0, 0, 1, 0]",0,0,0
129,5614dbcf.json,"(9, 9)","(3, 3)","[(9, 9), (9, 9)]","[(3, 3), (3, 3)]",2,"[1, 0, 0, 1, 1, 1, 0, 0, 0, 1]","[1, 0, 0, 1, 1, 0, 0, 0, 0, 1]",0,0,0
130,56dc2b01.json,"(18, 4)","(18, 4)","[(16, 4), (5, 17), (5, 17)]","[(16, 4), (5, 17), (5, 17)]",3,"[1, 0, 1, 1, 0, 0, 0, 0, 0, 0]","[1, 0, 1, 1, 0, 0, 0, 0, 1, 0]",0,0,0
131,56ff96f3.json,"(8, 9)","(8, 9)","[(10, 10), (8, 7), (10, 10), (11, 6)]","[(10, 10), (8, 7), (10, 10), (11, 6)]",4,"[1, 0, 0, 0, 0, 0, 1, 0, 1, 0]","[1, 0, 0, 0, 0, 0, 1, 0, 1, 0]",0,0,0
132,57aa92db.json,"(30, 19)","(30, 19)","[(12, 16), (18, 16), (18, 17), (18, 15)]","[(12, 16), (18, 16), (18, 17), (18, 15)]",4,"[1, 1, 1, 1, 1, 0, 0, 0, 1, 0]","[1, 1, 1, 1, 1, 0, 0, 0, 1, 0]",0,0,0
133,5ad4f10b.json,"(26, 22)","(3, 3)","[(24, 20), (23, 22), (23, 24)]","[(3, 3), (3, 3), (3, 3)]",3,"[1, 0, 0, 0, 1, 0, 0, 0, 1, 0]","[1, 0, 0, 0, 1, 0, 0, 0, 0, 0]",0,0,0
134,5bd6f4ac.json,"(9, 9)","(3, 3)","[(9, 9), (9, 9), (9, 9), (9, 9)]","[(3, 3), (3, 3), (3, 3), (3, 3)]",4,"[1, 1, 1, 0, 1, 1, 1, 1, 1, 1]","[1, 0, 1, 0, 0, 1, 0, 0, 1, 1]",0,0,0
135,5c0a986e.json,"(10, 10)","(10, 10)","[(10, 10), (10, 10), (10, 10)]","[(10, 10), (10, 10), (10, 10)]",3,"[1, 1, 1, 0, 0, 0, 0, 0, 0, 0]","[1, 1, 1, 0, 0, 0, 0, 0, 0, 0]",19,14,18
136,5c2c9af4.json,"(28, 28)","(28, 28)","[(23, 23), (23, 23), (23, 23)]","[(23, 23), (23, 23), (23, 23)]",3,"[1, 0, 0, 0, 1, 0, 0, 0, 0, 0]","[1, 0, 0, 0, 1, 0, 0, 0, 0, 0]",0,0,0
137,5daaa586.json,"(15, 16)","(10, 12)","[(22, 22), (12, 12), (15, 14)]","[(12, 15), (8, 8), (9, 6)]",3,"[1, 1, 1, 1, 0, 0, 0, 0, 1, 0]","[1, 1, 1, 1, 0, 0, 0, 0, 1, 0]",0,0,0
138,60b61512.json,"(9, 9)","(9, 9)","[(9, 9), (9, 9)]","[(9, 9), (9, 9)]",2,"[1, 0, 0, 0, 1, 0, 0, 0, 0, 0]","[1, 0, 0, 0, 1, 0, 0, 1, 0, 0]",0,0,0
139,6150a2bd.json,"(3, 3)","(3, 3)","[(3, 3), (3, 3)]","[(3, 3), (3, 3)]",2,"[1, 0, 0, 1, 1, 1, 1, 0, 1, 0]","[1, 0, 0, 1, 1, 1, 1, 0, 1, 0]",20,17,19
140,623ea044.json,"(17, 17)","(17, 17)","[(15, 15), (15, 15), (7, 7)]","[(15, 15), (15, 15), (7, 7)]",3,"[1, 0, 0, 0, 0, 0, 1, 0, 0, 0]","[1, 0, 0, 0, 0, 0, 1, 0, 0, 0]",0,0,0
141,62c24649.json,"(3, 3)","(6, 6)","[(3, 3), (3, 3), (3, 3)]","[(6, 6), (6, 6), (6, 6)]",3,"[1, 1, 1, 1, 0, 0, 0, 0, 0, 0]","[1, 1, 1, 1, 0, 0, 0, 0, 0, 0]",21,14,16
142,63613498.json,"(10, 10)","(10, 10)","[(10, 10), (10, 10), (10, 10)]","[(10, 10), (10, 10), (10, 10)]",3,"[1, 0, 1, 1, 1, 1, 1, 1, 1, 0]","[1, 0, 1, 1, 1, 1, 1, 0, 1, 0]",0,0,0
143,6430c8c4.json,"(4, 9)","(4, 4)","[(4, 9), (4, 9), (4, 9), (4, 9)]","[(4, 4), (4, 4), (4, 4), (4, 4)]",4,"[1, 0, 1, 0, 1, 0, 0, 1, 0, 0]","[1, 0, 0, 1, 0, 0, 0, 0, 0, 0]",0,0,0
144,6455b5f5.json,"(16, 13)","(16, 13)","[(13, 18), (13, 11), (16, 11), (16, 15)]","[(13, 18), (13, 11), (16, 11), (16, 15)]",4,"[1, 0, 1, 0, 0, 0, 0, 0, 0, 0]","[1, 1, 1, 0, 0, 0, 0, 0, 1, 0]",0,0,0
145,662c240a.json,"(3, 9)","(3, 3)","[(3, 9), (3, 9), (3, 9), (3, 9)]","[(3, 3), (3, 3), (3, 3), (3, 3)]",4,"[0, 1, 1, 1, 1, 1, 0, 0, 1, 0]","[0, 0, 0, 0, 1, 1, 0, 0, 0, 0]",0,0,0
146,67385a82.json,"(5, 5)","(5, 5)","[(3, 3), (6, 4), (4, 4), (6, 5)]","[(3, 3), (6, 4), (4, 4), (6, 5)]",4,"[1, 0, 0, 1, 0, 0, 0, 0, 0, 0]","[1, 0, 0, 1, 0, 0, 0, 0, 1, 0]",0,0,0
147,673ef223.json,"(12, 21)","(12, 21)","[(8, 19), (10, 20), (10, 20)]","[(8, 19), (10, 20), (10, 20)]",3,"[1, 0, 1, 0, 0, 0, 0, 0, 1, 0]","[1, 0, 1, 0, 1, 0, 0, 0, 1, 0]",0,0,0
148,6773b310.json,"(11, 11)","(3, 3)","[(11, 11), (11, 11), (11, 11), (11, 11)]","[(3, 3), (3, 3), (3, 3), (3, 3)]",4,"[1, 0, 0, 0, 0, 0, 1, 0, 1, 0]","[1, 1, 0, 0, 0, 0, 0, 0, 0, 0]",23,14,15
149,67a3c6ac.json,"(3, 3)","(3, 3)","[(4, 4), (7, 7), (6, 6)]","[(4, 4), (7, 7), (6, 6)]",3,"[0, 1, 1, 0, 0, 0, 1, 1, 0, 0]","[0, 1, 1, 0, 0, 0, 1, 1, 0, 0]",0,0,0
150,67a423a3.json,"(12, 12)","(12, 12)","[(4, 4), (8, 8), (6, 6)]","[(4, 4), (8, 8), (6, 6)]",3,"[1, 0, 0, 1, 0, 1, 0, 0, 0, 0]","[1, 0, 0, 1, 1, 1, 0, 0, 0, 0]",0,0,0
151,67e8384a.json,"(3, 3)","(6, 6)","[(3, 3), (3, 3), (3, 3), (3, 3)]","[(6, 6), (6, 6), (6, 6), (6, 6)]",4,"[0, 1, 1, 0, 0, 1, 1, 0, 0, 0]","[0, 1, 1, 0, 0, 1, 1, 0, 0, 0]",0,0,0
152,681b3aeb.json,"(10, 10)","(3, 3)","[(10, 10), (10, 10), (10, 10)]","[(3, 3), (3, 3), (3, 3)]",3,"[1, 0, 1, 0, 0, 0, 0, 0, 1, 0]","[0, 0, 1, 0, 0, 0, 0, 0, 1, 0]",0,0,0
153,6855a6e4.json,"(15, 15)","(15, 15)","[(15, 15), (15, 15), (15, 15)]","[(15, 15), (15, 15), (15, 15)]",3,"[1, 0, 1, 0, 0, 1, 0, 0, 0, 0]","[1, 0, 1, 0, 0, 1, 0, 0, 0, 0]",0,0,0
154,68b16354.json,"(7, 7)","(7, 7)","[(5, 5), (5, 5), (7, 7)]","[(5, 5), (5, 5), (7, 7)]",3,"[0, 1, 1, 1, 1, 0, 0, 1, 1, 0]","[0, 1, 1, 1, 1, 0, 0, 1, 1, 0]",0,0,0
155,694f12f3.json,"(10, 10)","(10, 10)","[(10, 10), (10, 10)]","[(10, 10), (10, 10)]",2,"[1, 0, 0, 0, 1, 0, 0, 0, 0, 0]","[1, 1, 1, 0, 1, 0, 0, 0, 0, 0]",0,0,0
156,6a1e5592.json,"(15, 10)","(15, 10)","[(15, 10), (15, 10)]","[(15, 10), (15, 10)]",2,"[1, 0, 1, 0, 0, 1, 0, 0, 0, 0]","[1, 1, 1, 0, 0, 0, 0, 0, 0, 0]",0,0,0
157,6aa20dc0.json,"(22, 22)","(22, 22)","[(19, 20), (21, 20), (22, 21)]","[(19, 20), (21, 20), (22, 21)]",3,"[0, 1, 0, 1, 1, 0, 0, 0, 1, 0]","[0, 1, 0, 1, 1, 0, 0, 0, 1, 0]",0,0,0
158,6b9890af.json,"(26, 24)","(14, 14)","[(21, 18), (22, 19), (24, 21)]","[(8, 8), (5, 5), (11, 11)]",3,"[1, 0, 1, 1, 0, 0, 0, 0, 0, 0]","[1, 0, 1, 1, 0, 0, 0, 0, 0, 0]",0,0,0
159,6c434453.json,"(10, 10)","(10, 10)","[(10, 10), (10, 10)]","[(10, 10), (10, 10)]",2,"[1, 1, 0, 0, 0, 0, 0, 0, 0, 0]","[1, 1, 1, 0, 0, 0, 0, 0, 0, 0]",36,24,28
160,6cdd2623.json,"(19, 16)","(19, 16)","[(22, 11), (20, 13), (17, 15)]","[(22, 11), (20, 13), (17, 15)]",3,"[1, 0, 0, 0, 0, 0, 1, 1, 1, 0]","[1, 0, 0, 0, 0, 0, 1, 0, 0, 0]",0,0,0
161,6cf79266.json,"(20, 20)","(20, 20)","[(20, 20), (20, 20), (20, 20)]","[(20, 20), (20, 20), (20, 20)]",3,"[1, 0, 0, 0, 1, 0, 0, 0, 0, 0]","[1, 1, 0, 0, 1, 0, 0, 0, 0, 0]",0,0,0
162,6d0160f0.json,"(11, 11)","(11, 11)","[(11, 11), (11, 11), (11, 11), (11, 11)]","[(11, 11), (11, 11), (11, 11), (11, 11)]",4,"[1, 0, 1, 1, 1, 1, 1, 1, 0, 0]","[1, 0, 1, 0, 1, 1, 1, 1, 0, 0]",0,0,0
163,6d0aefbc.json,"(3, 3)","(6, 3)","[(3, 3), (3, 3), (3, 3), (3, 3)]","[(6, 3), (6, 3), (6, 3), (6, 3)]",4,"[0, 1, 0, 0, 0, 0, 1, 0, 1, 0]","[0, 1, 0, 0, 0, 0, 1, 0, 1, 0]",0,0,0
164,6d58a25d.json,"(20, 20)","(20, 20)","[(20, 20), (20, 20), (20, 20)]","[(20, 20), (20, 20), (20, 20)]",3,"[1, 1, 0, 0, 0, 0, 1, 0, 0, 0]","[1, 1, 0, 0, 0, 0, 1, 0, 0, 0]",0,0,0
165,6d75e8bb.json,"(11, 9)","(11, 9)","[(10, 14), (8, 7), (8, 9)]","[(10, 14), (8, 7), (8, 9)]",3,"[1, 0, 0, 0, 0, 0, 0, 0, 1, 0]","[1, 0, 1, 0, 0, 0, 0, 0, 1, 0]",0,0,0
166,6e02f1e3.json,"(3, 3)","(3, 3)","[(3, 3), (3, 3), (3, 3), (3, 3), (3, 3)]","[(3, 3), (3, 3), (3, 3), (3, 3), (3, 3)]",5,"[0, 0, 1, 1, 1, 0, 0, 0, 0, 0]","[1, 0, 0, 0, 0, 1, 0, 0, 0, 0]",0,0,0
167,6e19193c.json,"(10, 10)","(10, 10)","[(10, 10), (10, 10)]","[(10, 10), (10, 10)]",2,"[1, 0, 0, 0, 0, 0, 0, 0, 1, 0]","[1, 0, 0, 0, 0, 0, 0, 0, 1, 0]",0,0,0
168,6e82a1ae.json,"(10, 10)","(10, 10)","[(10, 10), (10, 10), (10, 10)]","[(10, 10), (10, 10), (10, 10)]",3,"[1, 0, 0, 0, 0, 1, 0, 0, 0, 0]","[1, 1, 1, 1, 0, 0, 0, 0, 0, 0]",36,18,25
169,6ecd11f4.json,"(24, 21)","(4, 4)","[(21, 27), (25, 27), (22, 22)]","[(3, 3), (3, 3), (4, 4)]",3,"[1, 1, 1, 1, 1, 1, 1, 1, 1, 1]","[1, 1, 0, 1, 1, 0, 1, 1, 0, 0]",0,0,0
170,6f8cd79b.json,"(6, 7)","(6, 7)","[(3, 3), (3, 4), (4, 5), (6, 5)]","[(3, 3), (3, 4), (4, 5), (6, 5)]",4,"[1, 0, 0, 0, 0, 0, 0, 0, 0, 0]","[1, 0, 0, 0, 0, 0, 0, 0, 1, 0]",0,0,0
171,6fa7a44f.json,"(3, 3)","(3, 6)","[(3, 3), (3, 3), (3, 3), (3, 3)]","[(3, 6), (3, 6), (3, 6), (3, 6)]",4,"[0, 0, 1, 0, 0, 1, 0, 0, 1, 1]","[0, 0, 1, 0, 0, 1, 0, 0, 1, 1]",0,0,0
172,72322fa7.json,"(19, 19)","(19, 19)","[(22, 13), (12, 13), (19, 14)]","[(22, 13), (12, 13), (19, 14)]",3,"[1, 1, 1, 1, 1, 0, 0, 1, 1, 0]","[1, 1, 1, 1, 1, 0, 0, 1, 1, 0]",0,0,0
173,72ca375d.json,"(10, 10)","(4, 3)","[(10, 10), (10, 10), (10, 10)]","[(4, 2), (2, 2), (4, 2)]",3,"[1, 0, 0, 1, 1, 0, 0, 0, 0, 1]","[1, 0, 0, 0, 0, 0, 0, 0, 0, 1]",0,0,0
174,73251a56.json,"(21, 21)","(21, 21)","[(21, 21), (21, 21), (21, 21)]","[(21, 21), (21, 21), (21, 21)]",3,"[1, 1, 1, 1, 1, 1, 1, 1, 1, 1]","[0, 1, 1, 1, 1, 1, 1, 1, 1, 1]",0,0,0
175,7447852a.json,"(25, 3)","(25, 3)","[(10, 3), (15, 3), (18, 3)]","[(10, 3), (15, 3), (18, 3)]",3,"[1, 0, 1, 0, 0, 0, 0, 0, 0, 0]","[1, 0, 1, 0, 1, 0, 0, 0, 0, 0]",0,0,0
176,7468f01a.json,"(17, 17)","(8, 7)","[(15, 10), (16, 12), (17, 15)]","[(8, 4), (5, 5), (6, 4)]",3,"[1, 1, 0, 0, 0, 0, 0, 0, 1, 0]","[0, 1, 0, 0, 0, 0, 0, 0, 1, 0]",0,0,0
177,746b3537.json,"(9, 4)","(5, 1)","[(3, 3), (3, 3), (5, 3), (2, 4), (4, 6)]","[(1, 3), (3, 1), (4, 1), (1, 3), (1, 4)]",5,"[0, 1, 1, 1, 1, 0, 0, 0, 1, 0]","[0, 1, 1, 1, 1, 0, 0, 0, 1, 0]",0,0,0
178,74dd1130.json,"(3, 3)","(3, 3)","[(3, 3), (3, 3), (3, 3), (3, 3)]","[(3, 3), (3, 3), (3, 3), (3, 3)]",4,"[0, 0, 0, 1, 1, 0, 0, 0, 0, 1]","[0, 0, 0, 1, 1, 0, 0, 0, 0, 1]",0,0,0
179,75b8110e.json,"(8, 8)","(4, 4)","[(8, 8), (8, 8), (8, 8), (8, 8), (8, 8)]","[(4, 4), (4, 4), (4, 4), (4, 4), (4, 4)]",5,"[1, 0, 0, 0, 1, 1, 1, 0, 0, 1]","[1, 0, 0, 0, 1, 1, 1, 0, 0, 1]",0,0,0
180,760b3cac.json,"(9, 6)","(9, 6)","[(9, 6), (9, 6), (9, 6)]","[(9, 6), (9, 6), (9, 6)]",3,"[1, 0, 0, 0, 1, 0, 0, 0, 1, 0]","[1, 0, 0, 0, 1, 0, 0, 0, 1, 0]",0,0,0
181,776ffc46.json,"(20, 20)","(20, 20)","[(20, 20), (20, 20), (20, 20), (20, 20)]","[(20, 20), (20, 20), (20, 20), (20, 20)]",4,"[1, 1, 1, 0, 0, 1, 0, 0, 0, 0]","[1, 1, 1, 0, 0, 1, 0, 0, 0, 0]",0,0,0
182,77fdfe62.json,"(10, 10)","(6, 6)","[(8, 8), (6, 6), (8, 8)]","[(4, 4), (2, 2), (4, 4)]",3,"[1, 1, 0, 1, 1, 1, 0, 1, 1, 0]","[1, 0, 0, 1, 1, 1, 0, 1, 0, 0]",0,0,0
183,780d0b14.json,"(28, 23)","(3, 3)","[(20, 20), (22, 18), (17, 23)]","[(2, 2), (3, 2), (2, 3)]",3,"[1, 1, 1, 1, 1, 0, 0, 1, 1, 0]","[0, 1, 1, 1, 1, 0, 0, 1, 1, 0]",0,0,0
184,7837ac64.json,"(29, 29)","(3, 3)","[(29, 29), (27, 27), (29, 29), (27, 27)]","[(3, 3), (3, 3), (3, 3), (3, 3)]",4,"[1, 1, 1, 0, 1, 0, 0, 0, 1, 0]","[1, 1, 0, 0, 1, 0, 0, 0, 1, 0]",0,0,0
185,794b24be.json,"(3, 3)","(3, 3)","[(3, 3), (3, 3), (3, 3), (3, 3), (3, 3), (3, 3), (3, 3), (3, 3), (3, 3), (3, 3)]","[(3, 3), (3, 3), (3, 3), (3, 3), (3, 3), (3, 3), (3, 3), (3, 3), (3, 3), (3, 3)]",10,"[1, 1, 0, 0, 0, 0, 0, 0, 0, 0]","[1, 0, 1, 0, 0, 0, 0, 0, 0, 0]",0,0,0
186,7b6016b9.json,"(25, 22)","(25, 22)","[(23, 23), (25, 22), (21, 24)]","[(23, 23), (25, 22), (21, 24)]",3,"[1, 0, 0, 0, 0, 0, 0, 1, 0, 0]","[0, 0, 1, 1, 0, 0, 0, 1, 0, 0]",0,0,0
187,7b7f7511.json,"(3, 8)","(3, 4)","[(8, 4), (6, 3), (2, 6)]","[(4, 4), (3, 3), (2, 3)]",3,"[0, 0, 1, 0, 1, 1, 1, 0, 0, 0]","[0, 0, 1, 0, 1, 1, 1, 0, 0, 0]",0,0,0
188,7c008303.json,"(9, 9)","(6, 6)","[(9, 9), (9, 9), (9, 9)]","[(6, 6), (6, 6), (6, 6)]",3,"[1, 1, 1, 1, 1, 0, 0, 1, 1, 0]","[1, 1, 1, 0, 1, 0, 0, 1, 0, 0]",36,22,22
189,7ddcd7ec.json,"(10, 10)","(10, 10)","[(10, 10), (10, 10), (10, 10)]","[(10, 10), (10, 10), (10, 10)]",3,"[1, 0, 0, 0, 0, 0, 0, 0, 1, 0]","[1, 0, 0, 0, 0, 0, 0, 0, 1, 0]",23,18,21
190,7df24a62.json,"(23, 23)","(23, 23)","[(23, 23), (23, 23), (23, 23), (23, 23)]","[(23, 23), (23, 23), (23, 23), (23, 23)]",4,"[1, 1, 0, 0, 1, 0, 0, 0, 0, 0]","[1, 1, 0, 0, 1, 0, 0, 0, 0, 0]",0,0,0
191,7e0986d6.json,"(17, 12)","(17, 12)","[(14, 13), (16, 13)]","[(14, 13), (16, 13)]",2,"[1, 0, 0, 0, 1, 1, 0, 0, 0, 0]","[1, 0, 0, 0, 0, 1, 0, 0, 0, 0]",0,0,0
192,7f4411dc.json,"(10, 10)","(10, 10)","[(13, 13), (17, 17), (7, 7)]","[(13, 13), (17, 17), (7, 7)]",3,"[1, 0, 0, 0, 0, 0, 0, 0, 1, 0]","[1, 0, 0, 0, 0, 0, 0, 0, 1, 0]",0,0,0
193,7fe24cdd.json,"(3, 3)","(6, 6)","[(3, 3), (3, 3), (3, 3)]","[(6, 6), (6, 6), (6, 6)]",3,"[1, 1, 1, 1, 0, 1, 0, 0, 0, 0]","[1, 1, 1, 1, 0, 1, 0, 0, 0, 0]",0,0,0
194,80af3007.json,"(19, 17)","(9, 9)","[(18, 16), (18, 16), (18, 16)]","[(9, 9), (9, 9), (9, 9)]",3,"[1, 0, 0, 0, 0, 1, 0, 0, 0, 0]","[1, 0, 0, 0, 0, 1, 0, 0, 0, 0]",0,0,0
195,810b9b61.json,"(12, 12)","(12, 12)","[(15, 15), (15, 15), (9, 9)]","[(15, 15), (15, 15), (9, 9)]",3,"[1, 1, 0, 0, 0, 0, 0, 0, 0, 0]","[1, 1, 0, 1, 0, 0, 0, 0, 0, 0]",0,0,0
196,82819916.json,"(10, 14)","(10, 14)","[(8, 10), (8, 10), (8, 12), (8, 6)]","[(8, 10), (8, 10), (8, 12), (8, 6)]",4,"[1, 1, 1, 1, 1, 0, 1, 0, 1, 0]","[1, 1, 1, 1, 1, 0, 1, 0, 1, 0]",0,0,0
197,83302e8f.json,"(27, 27)","(27, 27)","[(24, 24), (29, 29), (19, 19)]","[(24, 24), (29, 29), (19, 19)]",3,"[1, 0, 0, 0, 0, 1, 0, 0, 0, 0]","[0, 0, 0, 1, 1, 1, 0, 0, 0, 0]",0,0,0
198,834ec97d.json,"(12, 12)","(12, 12)","[(3, 3), (5, 5), (9, 9)]","[(3, 3), (5, 5), (9, 9)]",3,"[1, 0, 0, 1, 0, 0, 0, 0, 0, 0]","[1, 0, 0, 1, 1, 0, 0, 0, 0, 0]",0,0,0
199,8403a5d5.json,"(10, 10)","(10, 10)","[(10, 10), (10, 10), (10, 10)]","[(10, 10), (10, 10), (10, 10)]",3,"[1, 1, 0, 0, 0, 0, 0, 0, 0, 0]","[1, 1, 0, 0, 0, 1, 0, 0, 0, 0]",0,0,0
200,846bdb03.json,"(13, 13)","(8, 6)","[(13, 13), (13, 13), (13, 13), (13, 13)]","[(8, 6), (8, 7), (6, 4), (6, 5)]",4,"[1, 0, 1, 0, 1, 0, 0, 0, 1, 0]","[1, 0, 1, 0, 1, 0, 0, 0, 1, 0]",0,0,0
201,855e0971.json,"(15, 17)","(15, 17)","[(19, 15), (13, 14), (15, 13), (15, 14)]","[(19, 15), (13, 14), (15, 13), (15, 14)]",4,"[1, 1, 1, 0, 1, 0, 0, 0, 1, 0]","[1, 1, 1, 0, 1, 0, 0, 0, 1, 0]",0,0,0
202,85c4e7cd.json,"(14, 14)","(14, 14)","[(12, 12), (6, 6), (8, 8), (10, 10)]","[(12, 12), (6, 6), (8, 8), (10, 10)]",4,"[0, 0, 1, 1, 1, 1, 1, 1, 1, 0]","[0, 0, 1, 1, 1, 1, 1, 1, 1, 0]",0,0,0
203,868de0fa.json,"(20, 20)","(20, 20)","[(10, 10), (10, 10), (20, 20), (11, 11), (15, 15)]","[(10, 10), (10, 10), (20, 20), (11, 11), (15, 15)]",5,"[1, 1, 0, 0, 0, 0, 0, 0, 0, 0]","[1, 1, 1, 0, 0, 0, 0, 1, 0, 0]",0,0,0
204,8731374e.json,"(17, 19)","(8, 10)","[(23, 17), (23, 27), (17, 16)]","[(6, 7), (9, 10), (8, 6)]",3,"[1, 1, 1, 1, 1, 1, 1, 1, 1, 1]","[0, 1, 0, 0, 0, 0, 0, 0, 1, 0]",0,0,0
205,88a10436.json,"(11, 10)","(11, 10)","[(9, 9), (7, 8), (8, 10)]","[(9, 9), (7, 8), (8, 10)]",3,"[1, 1, 1, 1, 0, 1, 0, 0, 0, 0]","[1, 1, 1, 1, 0, 0, 0, 0, 0, 0]",0,0,0
206,88a62173.json,"(5, 5)","(2, 2)","[(5, 5), (5, 5), (5, 5)]","[(2, 2), (2, 2), (2, 2)]",3,"[1, 0, 0, 0, 0, 1, 0, 0, 0, 0]","[1, 0, 0, 0, 0, 1, 0, 0, 0, 0]",0,0,0
207,890034e9.json,"(21, 21)","(21, 21)","[(21, 21), (21, 21), (21, 21)]","[(21, 21), (21, 21), (21, 21)]",3,"[1, 1, 1, 1, 0, 0, 0, 0, 0, 0]","[1, 1, 1, 1, 0, 0, 0, 0, 0, 0]",0,0,0
208,8a004b2b.json,"(18, 19)","(18, 14)","[(17, 17), (18, 17), (18, 16)]","[(14, 9), (7, 7), (11, 11)]",3,"[1, 1, 0, 1, 1, 0, 0, 0, 1, 0]","[1, 1, 0, 1, 1, 0, 0, 0, 1, 0]",0,0,0
209,8be77c9e.json,"(3, 3)","(3, 6)","[(3, 3), (3, 3), (3, 3)]","[(3, 6), (3, 6), (3, 6)]",3,"[1, 1, 0, 0, 0, 0, 0, 0, 0, 0]","[1, 1, 0, 0, 0, 0, 0, 0, 0, 0]",0,0,0
210,8d5021e8.json,"(2, 3)","(4, 9)","[(2, 3), (2, 3), (2, 3)]","[(4, 9), (4, 9), (4, 9)]",3,"[1, 0, 0, 1, 0, 0, 0, 0, 0, 0]","[1, 0, 0, 1, 0, 0, 0, 0, 0, 0]",0,0,0
211,8d510a79.json,"(10, 10)","(10, 10)","[(10, 10), (10, 10)]","[(10, 10), (10, 10)]",2,"[1, 1, 1, 0, 0, 1, 0, 0, 0, 0]","[1, 1, 1, 0, 0, 1, 0, 0, 0, 0]",0,0,0
212,8e1813be.json,"(19, 19)","(7, 7)","[(15, 18), (10, 12), (12, 12)]","[(6, 6), (3, 3), (4, 4)]",3,"[1, 1, 1, 1, 1, 1, 1, 1, 1, 0]","[0, 1, 1, 1, 1, 0, 1, 1, 1, 0]",0,0,0
213,8e5a5113.json,"(11, 3)","(11, 3)","[(11, 3), (11, 3), (11, 3)]","[(11, 3), (11, 3), (11, 3)]",3,"[1, 0, 1, 1, 0, 1, 0, 0, 0, 1]","[0, 0, 1, 1, 0, 1, 0, 0, 0, 1]",0,0,0
214,8eb1be9a.json,"(13, 14)","(13, 14)","[(19, 15), (12, 10)]","[(19, 15), (12, 10)]",2,"[1, 1, 0, 0, 0, 0, 0, 0, 0, 0]","[1, 1, 0, 0, 0, 0, 0, 0, 0, 0]",0,0,0
215,8efcae92.json,"(20, 20)","(10, 9)","[(20, 20), (20, 20), (20, 20)]","[(6, 5), (9, 9), (17, 5)]",3,"[1, 1, 1, 0, 0, 0, 0, 0, 0, 0]","[0, 1, 1, 0, 0, 0, 0, 0, 0, 0]",0,0,0
216,8f2ea7aa.json,"(9, 9)","(9, 9)","[(9, 9), (9, 9), (9, 9)]","[(9, 9), (9, 9), (9, 9)]",3,"[1, 0, 1, 0, 0, 0, 0, 0, 0, 0]","[1, 0, 1, 0, 0, 0, 0, 0, 0, 0]",0,0,0
217,90c28cc7.json,"(21, 21)","(3, 3)","[(21, 21), (21, 21), (21, 21)]","[(3, 3), (2, 2), (2, 3)]",3,"[1, 1, 1, 1, 1, 0, 0, 0, 1, 0]","[0, 1, 1, 1, 1, 0, 0, 0, 1, 0]",0,0,0
218,90f3ed37.json,"(10, 15)","(10, 15)","[(10, 15), (10, 15), (10, 15)]","[(10, 15), (10, 15), (10, 15)]",3,"[1, 0, 0, 0, 0, 0, 0, 0, 1, 0]","[1, 1, 0, 0, 0, 0, 0, 0, 1, 0]",0,0,0
219,913fb3ed.json,"(16, 16)","(16, 16)","[(12, 12), (6, 6), (16, 16), (6, 6)]","[(12, 12), (6, 6), (16, 16), (6, 6)]",4,"[1, 0, 1, 1, 0, 0, 0, 0, 1, 0]","[1, 1, 1, 1, 1, 0, 1, 0, 1, 0]",0,0,0
220,91413438.json,"(3, 3)","(21, 21)","[(3, 3), (3, 3), (3, 3), (3, 3)]","[(12, 12), (15, 15), (9, 9), (18, 18)]",4,"[1, 0, 0, 0, 0, 0, 0, 0, 1, 0]","[1, 0, 0, 0, 0, 0, 0, 0, 1, 0]",0,0,0
221,91714a58.json,"(16, 16)","(16, 16)","[(16, 16), (16, 16), (16, 16)]","[(16, 16), (16, 16), (16, 16)]",3,"[1, 1, 1, 1, 1, 1, 1, 1, 1, 1]","[1, 0, 0, 0, 0, 1, 0, 0, 0, 0]",0,0,0
222,9172f3a0.json,"(3, 3)","(9, 9)","[(3, 3), (3, 3)]","[(9, 9), (9, 9)]",2,"[1, 1, 0, 0, 0, 0, 1, 0, 0, 0]","[1, 1, 0, 0, 0, 0, 1, 0, 0, 0]",0,0,0
223,928ad970.json,"(15, 15)","(15, 15)","[(13, 12), (13, 15), (14, 15)]","[(13, 12), (13, 15), (14, 15)]",3,"[1, 0, 0, 0, 0, 1, 0, 0, 1, 0]","[1, 0, 0, 0, 0, 1, 0, 0, 1, 0]",0,0,0
224,93b581b8.json,"(6, 6)","(6, 6)","[(6, 6), (6, 6), (6, 6)]","[(6, 6), (6, 6), (6, 6)]",3,"[1, 1, 1, 1, 0, 1, 0, 0, 0, 0]","[1, 1, 1, 1, 0, 1, 0, 0, 0, 0]",0,0,0
225,941d9a10.json,"(10, 10)","(10, 10)","[(10, 10), (10, 10), (10, 10)]","[(10, 10), (10, 10), (10, 10)]",3,"[1, 0, 0, 0, 0, 1, 0, 0, 0, 0]","[1, 1, 1, 1, 0, 1, 0, 0, 0, 0]",0,0,0
226,94f9d214.json,"(4, 8)","(4, 4)","[(4, 8), (4, 8), (4, 8), (4, 8)]","[(4, 4), (4, 4), (4, 4), (4, 4)]",4,"[1, 1, 0, 1, 0, 0, 0, 0, 0, 0]","[1, 0, 1, 0, 0, 0, 0, 0, 0, 0]",0,0,0
227,952a094c.json,"(10, 10)","(10, 10)","[(10, 10), (10, 10), (10, 10)]","[(10, 10), (10, 10), (10, 10)]",3,"[1, 0, 1, 1, 1, 0, 1, 0, 1, 0]","[1, 0, 1, 1, 1, 0, 1, 0, 1, 0]",0,0,0
228,9565186b.json,"(3, 3)","(3, 3)","[(3, 3), (3, 3), (3, 3), (3, 3)]","[(3, 3), (3, 3), (3, 3), (3, 3)]",4,"[0, 1, 1, 1, 0, 0, 0, 0, 0, 0]","[0, 0, 0, 1, 0, 1, 0, 0, 0, 0]",0,0,0
229,95990924.json,"(15, 15)","(15, 15)","[(10, 10), (10, 10), (15, 15)]","[(10, 10), (10, 10), (15, 15)]",3,"[1, 0, 0, 0, 0, 1, 0, 0, 0, 0]","[1, 1, 1, 1, 1, 1, 0, 0, 0, 0]",0,0,0
230,963e52fc.json,"(9, 5)","(18, 5)","[(6, 5), (7, 5), (8, 5)]","[(12, 5), (14, 5), (16, 5)]",3,"[1, 1, 0, 1, 0, 0, 0, 0, 0, 0]","[1, 1, 0, 1, 0, 0, 0, 0, 0, 0]",0,0,0
231,97999447.json,"(8, 9)","(8, 9)","[(8, 10), (12, 10), (8, 7)]","[(8, 10), (12, 10), (8, 7)]",3,"[1, 0, 1, 1, 1, 0, 0, 0, 1, 0]","[1, 0, 1, 1, 1, 1, 0, 0, 1, 0]",23,19,22
232,97a05b5b.json,"(15, 19)","(12, 8)","[(19, 24), (10, 20), (12, 16)]","[(9, 17), (8, 8), (9, 9)]",3,"[1, 1, 1, 1, 1, 0, 0, 0, 1, 0]","[0, 1, 1, 1, 1, 0, 0, 0, 1, 0]",0,0,0
233,98cf29f8.json,"(17, 12)","(17, 12)","[(14, 17), (18, 13), (19, 15)]","[(14, 17), (18, 13), (19, 15)]",3,"[1, 0, 0, 1, 0, 0, 0, 1, 0, 0]","[1, 0, 0, 1, 0, 0, 0, 1, 0, 0]",0,0,0
234,995c5fa3.json,"(14, 4)","(3, 3)","[(14, 4), (14, 4), (14, 4), (14, 4)]","[(3, 3), (3, 3), (3, 3), (3, 3)]",4,"[1, 0, 0, 0, 0, 1, 0, 0, 0, 0]","[0, 0, 0, 1, 1, 0, 0, 0, 1, 0]",0,0,0
235,99b1bc43.json,"(4, 9)","(4, 4)","[(4, 9), (4, 9), (4, 9), (4, 9)]","[(4, 4), (4, 4), (4, 4), (4, 4)]",4,"[1, 1, 1, 0, 1, 0, 0, 0, 0, 0]","[1, 0, 0, 1, 0, 0, 0, 0, 0, 0]",36,12,15
236,99fa7670.json,"(8, 7)","(8, 7)","[(6, 6), (3, 3), (6, 6), (5, 7)]","[(6, 6), (3, 3), (6, 6), (5, 7)]",4,"[1, 0, 1, 0, 0, 0, 0, 1, 1, 0]","[1, 0, 1, 0, 0, 0, 0, 1, 1, 0]",0,0,0
237,9aec4887.json,"(16, 16)","(7, 7)","[(16, 15), (16, 14), (15, 15)]","[(6, 6), (5, 5), (6, 6)]",3,"[1, 1, 1, 1, 1, 0, 0, 0, 1, 0]","[1, 1, 1, 1, 1, 0, 0, 0, 1, 0]",0,0,0
238,9af7a82c.json,"(4, 4)","(5, 6)","[(3, 3), (4, 3), (3, 4), (3, 4)]","[(3, 5), (4, 6), (4, 5), (3, 6)]",4,"[0, 1, 1, 1, 1, 0, 0, 0, 1, 0]","[1, 1, 1, 1, 1, 0, 0, 0, 1, 0]",0,0,0
239,9d9215db.json,"(19, 19)","(19, 19)","[(19, 19), (19, 19), (19, 19)]","[(19, 19), (19, 19), (19, 19)]",3,"[1, 1, 1, 1, 1, 0, 0, 0, 1, 0]","[1, 1, 1, 1, 1, 0, 0, 0, 1, 0]",0,0,0
240,9dfd6313.json,"(6, 6)","(6, 6)","[(3, 3), (4, 4), (5, 5)]","[(3, 3), (4, 4), (5, 5)]",3,"[1, 0, 1, 1, 0, 1, 1, 0, 1, 0]","[1, 0, 1, 1, 0, 1, 1, 0, 1, 0]",0,0,0
241,9ecd008a.json,"(16, 16)","(3, 3)","[(16, 16), (16, 16), (16, 16)]","[(3, 3), (3, 3), (3, 3)]",3,"[1, 1, 1, 0, 1, 1, 1, 1, 1, 1]","[0, 1, 0, 0, 0, 1, 0, 1, 0, 1]",0,0,0
242,9edfc990.json,"(16, 16)","(16, 16)","[(13, 13), (15, 15), (16, 16)]","[(13, 13), (15, 15), (16, 16)]",3,"[1, 1, 1, 1, 1, 1, 1, 1, 1, 1]","[1, 1, 1, 1, 1, 1, 1, 1, 1, 1]",0,0,0
243,9f236235.json,"(23, 23)","(4, 4)","[(19, 19), (19, 19), (11, 11)]","[(4, 4), (4, 4), (3, 3)]",3,"[1, 1, 1, 1, 0, 0, 0, 0, 1, 0]","[1, 1, 1, 1, 0, 0, 0, 0, 0, 0]",0,0,0
244,a1570a43.json,"(8, 10)","(8, 10)","[(7, 7), (9, 9), (10, 9), (8, 9)]","[(7, 7), (9, 9), (10, 9), (8, 9)]",4,"[1, 0, 1, 1, 0, 0, 0, 0, 0, 0]","[1, 0, 1, 1, 0, 0, 0, 0, 0, 0]",0,0,0
245,a2fd1cf0.json,"(14, 12)","(14, 12)","[(15, 15), (16, 10), (14, 12)]","[(15, 15), (16, 10), (14, 12)]",3,"[1, 0, 1, 1, 0, 0, 0, 0, 0, 0]","[1, 0, 1, 1, 0, 0, 0, 0, 1, 0]",0,0,0
246,a3325580.json,"(10, 10)","(3, 4)","[(10, 10), (10, 10), (10, 10), (10, 10), (10, 10), (10, 10)]","[(3, 5), (2, 9), (1, 5), (1, 3), (2, 3), (3, 3)]",6,"[1, 1, 1, 0, 0, 1, 0, 0, 1, 1]","[0, 1, 1, 0, 0, 1, 0, 0, 0, 0]",23,15,18
247,a3df8b1e.json,"(5, 10)","(5, 10)","[(2, 10), (3, 10), (4, 10)]","[(2, 10), (3, 10), (4, 10)]",3,"[1, 1, 0, 0, 0, 0, 0, 0, 0, 0]","[1, 1, 0, 0, 0, 0, 0, 0, 0, 0]",0,0,0
248,a416b8f3.json,"(4, 5)","(8, 5)","[(3, 3), (3, 4), (4, 4)]","[(6, 3), (6, 4), (8, 4)]",3,"[1, 1, 0, 0, 1, 1, 1, 0, 0, 0]","[1, 1, 0, 0, 1, 1, 1, 0, 0, 0]",0,0,0
249,a48eeaf7.json,"(10, 10)","(10, 10)","[(10, 10), (10, 10)]","[(10, 10), (10, 10)]",2,"[1, 0, 1, 0, 0, 1, 0, 0, 0, 0]","[1, 0, 1, 0, 0, 1, 0, 0, 0, 0]",0,0,0
250,a5313dff.json,"(9, 9)","(9, 9)","[(8, 8), (8, 8), (12, 12)]","[(8, 8), (8, 8), (12, 12)]",3,"[1, 0, 1, 0, 0, 0, 0, 0, 0, 0]","[1, 1, 1, 0, 0, 0, 0, 0, 0, 0]",24,21,24
251,a5f85a15.json,"(12, 12)","(12, 12)","[(3, 3), (8, 8), (6, 6)]","[(3, 3), (8, 8), (6, 6)]",3,"[1, 0, 0, 0, 0, 0, 1, 0, 0, 0]","[1, 0, 0, 0, 1, 0, 1, 0, 0, 0]",0,0,0
252,a61ba2ce.json,"(13, 13)","(4, 4)","[(13, 13), (13, 13)]","[(4, 4), (4, 4)]",2,"[1, 1, 0, 1, 0, 0, 1, 0, 1, 0]","[1, 1, 0, 1, 0, 0, 1, 0, 1, 0]",0,0,0
253,a61f2674.json,"(9, 9)","(9, 9)","[(9, 9), (9, 9)]","[(9, 9), (9, 9)]",2,"[1, 0, 0, 0, 0, 1, 0, 0, 0, 0]","[1, 1, 1, 0, 0, 0, 0, 0, 0, 0]",0,0,0
254,a64e4611.json,"(30, 30)","(30, 30)","[(30, 30), (30, 30), (30, 30)]","[(30, 30), (30, 30), (30, 30)]",3,"[1, 0, 0, 0, 1, 0, 0, 0, 0, 0]","[1, 0, 0, 1, 1, 0, 0, 0, 0, 0]",0,0,0
255,a65b410d.json,"(9, 9)","(9, 9)","[(7, 7), (9, 8), (9, 7)]","[(7, 7), (9, 8), (9, 7)]",3,"[1, 0, 1, 0, 0, 0, 0, 0, 0, 0]","[1, 1, 1, 1, 0, 0, 0, 0, 0, 0]",0,0,0
256,a68b268e.json,"(9, 9)","(4, 4)","[(9, 9), (9, 9), (9, 9), (9, 9), (9, 9), (9, 9)]","[(4, 4), (4, 4), (4, 4), (4, 4), (4, 4), (4, 4)]",6,"[1, 1, 0, 0, 1, 0, 1, 1, 1, 0]","[0, 0, 0, 0, 1, 0, 0, 1, 1, 0]",0,0,0
257,a699fb00.json,"(10, 10)","(10, 10)","[(5, 5), (10, 10), (10, 10)]","[(5, 5), (10, 10), (10, 10)]",3,"[1, 1, 0, 0, 0, 0, 0, 0, 0, 0]","[1, 1, 1, 0, 0, 0, 0, 0, 0, 0]",0,0,0
258,a740d043.json,"(6, 6)","(2, 2)","[(7, 5), (7, 7), (6, 7)]","[(3, 3), (3, 2), (2, 3)]",3,"[0, 1, 1, 1, 0, 0, 0, 0, 0, 0]","[1, 0, 1, 1, 0, 0, 0, 0, 0, 0]",0,0,0
259,a78176bb.json,"(10, 10)","(10, 10)","[(10, 10), (10, 10), (10, 10)]","[(10, 10), (10, 10), (10, 10)]",3,"[1, 1, 0, 0, 0, 1, 0, 0, 0, 0]","[1, 1, 0, 0, 0, 0, 0, 0, 0, 0]",22,5,15
260,a79310a0.json,"(5, 5)","(5, 5)","[(5, 5), (3, 3), (5, 5)]","[(5, 5), (3, 3), (5, 5)]",3,"[1, 0, 0, 0, 0, 0, 0, 0, 1, 0]","[1, 0, 1, 0, 0, 0, 0, 0, 0, 0]",0,0,0
261,a85d4709.json,"(3, 3)","(3, 3)","[(3, 3), (3, 3), (3, 3), (3, 3)]","[(3, 3), (3, 3), (3, 3), (3, 3)]",4,"[1, 0, 0, 0, 0, 1, 0, 0, 0, 0]","[0, 0, 1, 1, 1, 0, 0, 0, 0, 0]",0,0,0
262,a87f7484.json,"(3, 15)","(3, 3)","[(3, 9), (12, 3), (15, 3), (3, 12)]","[(3, 3), (3, 3), (3, 3), (3, 3)]",4,"[1, 0, 0, 1, 1, 1, 1, 0, 1, 0]","[1, 0, 0, 0, 0, 0, 1, 0, 0, 0]",21,19,20
263,a8c38be5.json,"(15, 16)","(9, 9)","[(14, 14), (14, 16)]","[(9, 9), (9, 9)]",2,"[1, 1, 1, 1, 1, 1, 1, 1, 1, 0]","[0, 1, 1, 1, 1, 1, 1, 1, 1, 0]",0,0,0
264,a8d7556c.json,"(18, 18)","(18, 18)","[(18, 18), (18, 18), (18, 18)]","[(18, 18), (18, 18), (18, 18)]",3,"[1, 0, 0, 0, 0, 1, 0, 0, 0, 0]","[1, 0, 1, 0, 0, 1, 0, 0, 0, 0]",0,0,0
265,a9f96cdd.json,"(5, 3)","(5, 3)","[(5, 3), (5, 3), (5, 3), (5, 3)]","[(5, 3), (5, 3), (5, 3), (5, 3)]",4,"[1, 0, 1, 0, 0, 0, 0, 0, 0, 0]","[1, 0, 0, 1, 0, 0, 0, 0, 1, 0]",0,0,0
266,aabf363d.json,"(7, 7)","(7, 7)","[(7, 7), (7, 7)]","[(7, 7), (7, 7)]",2,"[1, 0, 1, 0, 0, 0, 0, 0, 1, 0]","[1, 0, 1, 0, 0, 0, 0, 0, 0, 0]",0,0,0
267,aba27056.json,"(10, 10)","(10, 10)","[(7, 7), (9, 9), (6, 6)]","[(7, 7), (9, 9), (6, 6)]",3,"[1, 0, 1, 0, 0, 0, 0, 0, 0, 0]","[1, 0, 1, 0, 1, 0, 0, 0, 0, 0]",0,0,0
268,ac0a08a4.json,"(3, 3)","(12, 12)","[(3, 3), (3, 3), (3, 3)]","[(6, 6), (9, 9), (15, 15)]",3,"[1, 1, 0, 0, 0, 0, 1, 0, 1, 1]","[1, 1, 0, 0, 0, 0, 1, 0, 1, 1]",19,16,19
269,ae3edfdc.json,"(15, 15)","(15, 15)","[(15, 15), (15, 15), (15, 15)]","[(15, 15), (15, 15), (15, 15)]",3,"[1, 1, 1, 1, 0, 0, 0, 1, 0, 0]","[1, 1, 1, 1, 0, 0, 0, 1, 0, 0]",0,0,0
270,ae4f1146.json,"(9, 9)","(3, 3)","[(9, 9), (9, 9), (9, 9), (9, 9)]","[(3, 3), (3, 3), (3, 3), (3, 3)]",4,"[1, 1, 0, 0, 0, 0, 0, 0, 1, 0]","[0, 1, 0, 0, 0, 0, 0, 0, 1, 0]",0,0,0
271,aedd82e4.json,"(4, 5)","(4, 5)","[(3, 3), (4, 4), (4, 5), (3, 3)]","[(3, 3), (4, 4), (4, 5), (3, 3)]",4,"[1, 0, 1, 0, 0, 0, 0, 0, 0, 0]","[1, 1, 1, 0, 0, 0, 0, 0, 0, 0]",0,0,0
272,af902bf9.json,"(10, 10)","(10, 10)","[(10, 10), (10, 10), (10, 10)]","[(10, 10), (10, 10), (10, 10)]",3,"[1, 0, 0, 0, 1, 0, 0, 0, 0, 0]","[1, 0, 1, 0, 1, 0, 0, 0, 0, 0]",0,0,0
273,b0c4d837.json,"(9, 9)","(3, 3)","[(6, 6), (9, 9), (9, 9), (9, 9), (6, 5), (7, 7)]","[(3, 3), (3, 3), (3, 3), (3, 3), (3, 3), (3, 3)]",6,"[1, 0, 0, 0, 0, 1, 0, 0, 1, 0]","[1, 0, 0, 0, 0, 0, 0, 0, 1, 0]",0,0,0
274,b190f7f5.json,"(4, 8)","(16, 16)","[(6, 3), (6, 3), (8, 4)]","[(9, 9), (9, 9), (16, 16)]",3,"[1, 1, 1, 1, 0, 0, 0, 0, 1, 0]","[1, 1, 1, 1, 0, 0, 0, 0, 0, 0]",0,0,0
275,b1948b0a.json,"(4, 4)","(4, 4)","[(4, 3), (4, 6), (6, 3)]","[(4, 3), (4, 6), (6, 3)]",3,"[0, 0, 0, 0, 0, 0, 1, 1, 0, 0]","[0, 0, 1, 0, 0, 0, 0, 1, 0, 0]",0,0,0
276,b230c067.json,"(10, 10)","(10, 10)","[(10, 10), (10, 10)]","[(10, 10), (10, 10)]",2,"[1, 0, 0, 0, 0, 0, 0, 0, 1, 0]","[1, 1, 1, 0, 0, 0, 0, 0, 0, 0]",0,0,0
277,b27ca6d3.json,"(16, 17)","(16, 17)","[(18, 15), (16, 15)]","[(18, 15), (16, 15)]",2,"[1, 0, 1, 0, 0, 0, 0, 0, 0, 0]","[1, 0, 1, 1, 0, 0, 0, 0, 0, 0]",0,0,0
278,b2862040.json,"(15, 16)","(15, 16)","[(11, 9), (11, 12), (13, 12), (15, 14)]","[(11, 9), (11, 12), (13, 12), (15, 14)]",4,"[0, 1, 0, 0, 0, 0, 0, 0, 0, 1]","[0, 1, 0, 0, 0, 0, 0, 0, 1, 1]",0,0,0
279,b527c5c6.json,"(20, 20)","(20, 20)","[(10, 10), (20, 20), (20, 20), (20, 20)]","[(10, 10), (20, 20), (20, 20), (20, 20)]",4,"[1, 0, 1, 1, 0, 0, 0, 0, 0, 0]","[1, 0, 1, 1, 0, 0, 0, 0, 0, 0]",0,0,0
280,b548a754.json,"(13, 13)","(13, 13)","[(11, 11), (11, 11), (12, 13)]","[(11, 11), (11, 11), (12, 13)]",3,"[1, 0, 0, 0, 1, 0, 1, 0, 1, 0]","[1, 0, 0, 0, 1, 0, 1, 0, 0, 0]",0,0,0
281,b60334d2.json,"(9, 9)","(9, 9)","[(9, 9), (9, 9)]","[(9, 9), (9, 9)]",2,"[1, 0, 0, 0, 0, 1, 0, 0, 0, 0]","[1, 1, 0, 0, 0, 1, 0, 0, 0, 0]",0,0,0
282,b6afb2da.json,"(10, 10)","(10, 10)","[(10, 10), (10, 10)]","[(10, 10), (10, 10)]",2,"[1, 0, 0, 0, 0, 1, 0, 0, 0, 0]","[1, 1, 1, 0, 1, 0, 0, 0, 0, 0]",0,0,0
283,b7249182.json,"(9, 19)","(9, 19)","[(10, 14), (13, 10), (18, 10)]","[(10, 14), (13, 10), (18, 10)]",3,"[1, 0, 0, 0, 0, 0, 1, 1, 0, 0]","[1, 0, 0, 0, 0, 0, 1, 1, 0, 0]",0,0,0
284,b775ac94.json,"(24, 24)","(24, 24)","[(30, 30), (20, 20), (14, 14)]","[(30, 30), (20, 20), (14, 14)]",3,"[1, 1, 1, 1, 1, 0, 0, 0, 1, 0]","[1, 1, 1, 1, 1, 0, 0, 0, 1, 0]",0,0,0
285,b782dc8a.json,"(15, 15)","(15, 15)","[(24, 11), (14, 13)]","[(24, 11), (14, 13)]",2,"[1, 0, 0, 1, 1, 0, 0, 0, 1, 0]","[1, 0, 0, 1, 1, 0, 0, 0, 1, 0]",0,0,0
286,b8825c91.json,"(16, 16)","(16, 16)","[(16, 16), (16, 16), (16, 16), (16, 16)]","[(16, 16), (16, 16), (16, 16), (16, 16)]",4,"[0, 1, 1, 0, 1, 1, 1, 1, 1, 1]","[0, 1, 1, 0, 0, 1, 1, 1, 1, 1]",0,0,0
287,b8cdaf2b.json,"(9, 9)","(9, 9)","[(3, 3), (5, 5), (5, 5), (7, 7)]","[(3, 3), (5, 5), (5, 5), (7, 7)]",4,"[1, 0, 1, 0, 0, 0, 0, 0, 1, 0]","[1, 0, 1, 0, 0, 0, 0, 0, 1, 0]",21,16,20
288,b91ae062.json,"(3, 3)","(12, 12)","[(3, 3), (3, 3), (3, 3), (3, 3), (3, 3)]","[(6, 6), (6, 6), (9, 9), (9, 9), (12, 12)]",5,"[1, 1, 0, 0, 0, 0, 0, 1, 1, 1]","[1, 1, 0, 0, 0, 0, 0, 1, 1, 1]",0,0,0
289,b94a9452.json,"(13, 14)","(6, 6)","[(13, 12), (11, 12), (13, 12)]","[(4, 4), (3, 3), (5, 5)]",3,"[1, 0, 0, 1, 0, 0, 0, 0, 1, 0]","[0, 0, 0, 1, 0, 0, 0, 0, 1, 0]",19,12,19
290,b9b7f026.json,"(15, 14)","(1, 1)","[(13, 15), (17, 15), (17, 16)]","[(1, 1), (1, 1), (1, 1)]",3,"[1, 0, 1, 1, 1, 1, 0, 1, 1, 0]","[0, 0, 0, 0, 0, 0, 0, 1, 0, 0]",0,0,0
291,ba26e723.json,"(17, 3)","(17, 3)","[(10, 3), (11, 3), (11, 3), (13, 3), (14, 3)]","[(10, 3), (11, 3), (11, 3), (13, 3), (14, 3)]",5,"[1, 0, 0, 0, 1, 0, 0, 0, 0, 0]","[1, 0, 0, 0, 1, 0, 1, 0, 0, 0]",0,0,0
292,ba97ae07.json,"(6, 11)","(6, 11)","[(13, 13), (9, 7), (7, 8), (6, 8)]","[(13, 13), (9, 7), (7, 8), (6, 8)]",4,"[1, 0, 0, 0, 1, 1, 0, 0, 0, 0]","[1, 0, 0, 0, 1, 1, 0, 0, 0, 0]",0,0,0
293,bb43febb.json,"(10, 10)","(10, 10)","[(10, 10), (10, 10)]","[(10, 10), (10, 10)]",2,"[1, 0, 0, 0, 0, 1, 0, 0, 0, 0]","[1, 0, 1, 0, 0, 1, 0, 0, 0, 0]",0,0,0
294,bbc9ae5d.json,"(12, 1)","(12, 6)","[(6, 1), (8, 1), (10, 1), (6, 1), (6, 1)]","[(6, 3), (8, 4), (10, 5), (6, 3), (6, 3)]",5,"[1, 1, 0, 0, 0, 0, 0, 0, 0, 0]","[1, 1, 0, 0, 0, 0, 0, 0, 0, 0]",0,0,0
295,bc1d5164.json,"(7, 5)","(3, 3)","[(7, 5), (7, 5), (7, 5), (7, 5), (7, 5)]","[(3, 3), (3, 3), (3, 3), (3, 3), (3, 3)]",5,"[1, 1, 0, 0, 0, 0, 0, 0, 0, 0]","[1, 1, 0, 0, 0, 0, 0, 0, 0, 0]",0,0,0
296,bd4472b8.json,"(5, 12)","(5, 12)","[(3, 8), (4, 10), (2, 6)]","[(3, 8), (4, 10), (2, 6)]",3,"[1, 1, 1, 1, 1, 1, 0, 0, 1, 0]","[0, 1, 1, 1, 1, 1, 0, 0, 1, 0]",0,0,0
297,bda2d7a6.json,"(6, 6)","(6, 6)","[(6, 6), (6, 6), (8, 8)]","[(6, 6), (6, 6), (8, 8)]",3,"[1, 1, 0, 0, 0, 0, 0, 0, 0, 1]","[1, 1, 0, 0, 0, 0, 0, 0, 0, 1]",0,0,0
298,bdad9b1f.json,"(6, 6)","(6, 6)","[(6, 6), (6, 6)]","[(6, 6), (6, 6)]",2,"[1, 0, 1, 0, 0, 0, 0, 0, 1, 0]","[1, 0, 1, 0, 1, 0, 0, 0, 1, 0]",0,0,0
299,be94b721.json,"(9, 9)","(3, 4)","[(13, 7), (10, 5), (11, 6), (9, 7)]","[(3, 4), (2, 3), (3, 4), (3, 3)]",4,"[1, 0, 0, 1, 1, 1, 1, 0, 0, 0]","[1, 0, 0, 1, 0, 0, 0, 0, 0, 0]",0,0,0
300,beb8660c.json,"(8, 11)","(8, 11)","[(7, 10), (4, 7), (3, 3)]","[(7, 10), (4, 7), (3, 3)]",3,"[1, 1, 1, 1, 1, 0, 1, 1, 1, 1]","[1, 1, 1, 1, 1, 0, 1, 1, 1, 1]",0,0,0
301,c0f76784.json,"(12, 12)","(12, 12)","[(12, 12), (12, 12), (12, 12)]","[(12, 12), (12, 12), (12, 12)]",3,"[1, 0, 0, 0, 0, 1, 0, 0, 0, 0]","[1, 0, 0, 0, 0, 1, 1, 1, 1, 0]",0,0,0
302,c1d99e64.json,"(25, 27)","(25, 27)","[(19, 12), (14, 12), (15, 17)]","[(19, 12), (14, 12), (15, 17)]",3,"[1, 0, 0, 0, 1, 0, 0, 0, 0, 0]","[1, 0, 1, 0, 1, 0, 0, 0, 0, 0]",0,0,0
303,c3e719e8.json,"(3, 3)","(9, 9)","[(3, 3), (3, 3), (3, 3)]","[(9, 9), (9, 9), (9, 9)]",3,"[0, 1, 0, 0, 1, 1, 0, 1, 0, 0]","[1, 1, 0, 0, 1, 1, 0, 1, 0, 0]",0,0,0
304,c3f564a4.json,"(16, 16)","(16, 16)","[(16, 16), (16, 16), (16, 16)]","[(16, 16), (16, 16), (16, 16)]",3,"[1, 1, 1, 1, 1, 1, 1, 1, 1, 0]","[0, 1, 1, 1, 1, 1, 1, 1, 1, 0]",0,0,0
305,c444b776.json,"(29, 19)","(29, 19)","[(19, 19), (9, 19)]","[(19, 19), (9, 19)]",2,"[1, 0, 1, 1, 1, 0, 1, 0, 0, 0]","[1, 0, 1, 1, 1, 0, 1, 0, 0, 0]",0,0,0
306,c59eb873.json,"(5, 5)","(10, 10)","[(3, 3), (2, 2), (4, 4)]","[(6, 6), (4, 4), (8, 8)]",3,"[1, 1, 1, 1, 0, 1, 1, 1, 1, 0]","[1, 1, 1, 1, 0, 1, 1, 1, 1, 0]",0,0,0
307,c8cbb738.json,"(19, 18)","(7, 7)","[(11, 12), (8, 10), (14, 12)]","[(5, 5), (3, 3), (5, 5)]",3,"[0, 1, 1, 1, 0, 0, 1, 0, 1, 0]","[0, 1, 1, 1, 0, 0, 1, 0, 1, 0]",0,0,0
308,c8f0f002.json,"(5, 3)","(5, 3)","[(6, 3), (4, 3), (5, 3)]","[(6, 3), (4, 3), (5, 3)]",3,"[0, 1, 0, 0, 0, 0, 0, 1, 1, 0]","[0, 1, 0, 0, 0, 1, 0, 0, 1, 0]",17,15,16
309,c909285e.json,"(24, 24)","(6, 6)","[(24, 24), (26, 26), (28, 28)]","[(7, 7), (7, 7), (7, 7)]",3,"[1, 1, 1, 1, 1, 0, 0, 0, 1, 0]","[1, 0, 1, 0, 1, 0, 0, 0, 1, 0]",0,0,0
310,c9e6f938.json,"(3, 3)","(6, 3)","[(3, 3), (3, 3), (3, 3)]","[(6, 3), (6, 3), (6, 3)]",3,"[1, 0, 0, 0, 0, 0, 0, 1, 0, 0]","[1, 0, 0, 0, 0, 0, 0, 1, 0, 0]",0,0,0
311,c9f8e694.json,"(12, 12)","(12, 12)","[(12, 12), (12, 12)]","[(12, 12), (12, 12)]",2,"[1, 1, 0, 0, 0, 1, 0, 1, 1, 0]","[1, 1, 0, 0, 0, 0, 0, 1, 1, 0]",0,0,0
312,caa06a1f.json,"(18, 18)","(18, 18)","[(11, 11), (8, 8), (6, 6)]","[(11, 11), (8, 8), (6, 6)]",3,"[0, 0, 0, 1, 0, 1, 0, 1, 1, 0]","[0, 0, 0, 0, 0, 1, 0, 1, 1, 0]",0,0,0
313,cbded52d.json,"(8, 8)","(8, 8)","[(8, 8), (8, 8), (8, 8)]","[(8, 8), (8, 8), (8, 8)]",3,"[1, 1, 0, 0, 0, 0, 1, 0, 1, 0]","[1, 1, 0, 0, 0, 0, 1, 0, 1, 0]",0,0,0
314,cce03e0d.json,"(3, 3)","(9, 9)","[(3, 3), (3, 3), (3, 3)]","[(9, 9), (9, 9), (9, 9)]",3,"[1, 1, 1, 0, 0, 0, 0, 0, 0, 0]","[1, 1, 1, 0, 0, 0, 0, 0, 0, 0]",0,0,0
315,cdecee7f.json,"(10, 10)","(3, 3)","[(10, 10), (10, 10), (10, 10)]","[(3, 3), (3, 3), (3, 3)]",3,"[1, 1, 1, 1, 1, 1, 1, 0, 0, 1]","[0, 1, 1, 1, 1, 1, 1, 0, 0, 1]",0,0,0
316,ce22a75a.json,"(9, 9)","(9, 9)","[(9, 9), (9, 9)]","[(9, 9), (9, 9)]",2,"[1, 0, 0, 0, 0, 1, 0, 0, 0, 0]","[1, 1, 0, 0, 0, 0, 0, 0, 0, 0]",0,0,0
317,ce4f8723.json,"(4, 9)","(4, 4)","[(4, 9), (4, 9), (4, 9), (4, 9)]","[(4, 4), (4, 4), (4, 4), (4, 4)]",4,"[1, 1, 1, 0, 1, 0, 0, 0, 0, 0]","[1, 0, 0, 1, 0, 0, 0, 0, 0, 0]",0,0,0
318,ce602527.json,"(18, 18)","(3, 4)","[(17, 17), (18, 18), (17, 19), (17, 15)]","[(5, 5), (3, 5), (3, 5), (5, 3)]",4,"[0, 1, 0, 1, 0, 0, 1, 0, 1, 0]","[0, 0, 0, 1, 0, 0, 1, 0, 0, 0]",0,0,0
319,ce9e57f2.json,"(9, 11)","(9, 11)","[(9, 7), (9, 8), (9, 9)]","[(9, 7), (9, 8), (9, 9)]",3,"[1, 0, 1, 0, 0, 0, 0, 0, 0, 0]","[1, 0, 1, 0, 0, 0, 0, 0, 1, 0]",0,0,0
320,cf98881b.json,"(14, 4)","(4, 4)","[(14, 4), (14, 4), (14, 4), (14, 4), (14, 4)]","[(4, 4), (4, 4), (4, 4), (4, 4), (4, 4)]",5,"[1, 1, 1, 0, 1, 0, 0, 0, 0, 1]","[1, 1, 0, 0, 1, 0, 0, 0, 0, 1]",0,0,0
321,d037b0a7.json,"(3, 3)","(3, 3)","[(3, 3), (3, 3), (3, 3)]","[(3, 3), (3, 3), (3, 3)]",3,"[1, 0, 0, 0, 1, 0, 0, 1, 1, 0]","[1, 0, 0, 0, 1, 0, 0, 1, 1, 0]",0,0,0
322,d06dbe63.json,"(13, 13)","(13, 13)","[(13, 13), (13, 13)]","[(13, 13), (13, 13)]",2,"[1, 0, 0, 0, 0, 0, 0, 0, 1, 0]","[1, 0, 0, 0, 0, 1, 0, 0, 1, 0]",0,0,0
323,d07ae81c.json,"(19, 17)","(19, 17)","[(12, 19), (14, 12), (15, 15)]","[(12, 19), (14, 12), (15, 15)]",3,"[0, 1, 0, 1, 1, 0, 0, 0, 1, 0]","[0, 1, 0, 1, 1, 0, 0, 0, 1, 0]",0,0,0
324,d0f5fe59.json,"(12, 15)","(5, 5)","[(10, 16), (12, 12), (12, 8)]","[(4, 4), (3, 3), (2, 2)]",3,"[1, 0, 0, 0, 0, 0, 0, 0, 1, 0]","[1, 0, 0, 0, 0, 0, 0, 0, 1, 0]",0,0,0
325,d10ecb37.json,"(8, 4)","(2, 2)","[(6, 6), (8, 8), (6, 12)]","[(2, 2), (2, 2), (2, 2)]",3,"[0, 0, 1, 0, 0, 0, 1, 0, 0, 1]","[0, 0, 1, 0, 0, 0, 1, 0, 0, 1]",0,0,0
326,d13f3404.json,"(3, 3)","(6, 6)","[(3, 3), (3, 3), (3, 3)]","[(6, 6), (6, 6), (6, 6)]",3,"[1, 0, 0, 1, 1, 0, 0, 0, 0, 1]","[1, 0, 0, 1, 1, 0, 0, 0, 0, 1]",0,0,0
327,d22278a0.json,"(17, 17)","(17, 17)","[(10, 10), (12, 12), (13, 13), (7, 7)]","[(10, 10), (12, 12), (13, 13), (7, 7)]",4,"[1, 1, 0, 0, 1, 0, 0, 0, 1, 0]","[1, 1, 0, 0, 1, 0, 0, 0, 1, 0]",0,0,0
328,d23f8c26.json,"(7, 7)","(7, 7)","[(3, 3), (5, 5), (5, 5)]","[(3, 3), (5, 5), (5, 5)]",3,"[1, 1, 0, 1, 0, 0, 1, 1, 1, 0]","[1, 1, 0, 0, 0, 0, 1, 0, 1, 0]",0,0,0
329,d2abd087.json,"(10, 10)","(10, 10)","[(10, 10), (10, 10), (10, 10)]","[(10, 10), (10, 10), (10, 10)]",3,"[1, 0, 0, 0, 0, 1, 0, 0, 0, 0]","[1, 1, 1, 0, 0, 0, 0, 0, 0, 0]",0,0,0
330,d364b489.json,"(10, 10)","(10, 10)","[(10, 10), (10, 10)]","[(10, 10), (10, 10)]",2,"[1, 1, 0, 0, 0, 0, 0, 0, 0, 0]","[1, 1, 1, 0, 0, 0, 1, 1, 1, 0]",0,0,0
331,d406998b.json,"(17, 3)","(17, 3)","[(10, 3), (12, 3), (13, 3), (14, 3)]","[(10, 3), (12, 3), (13, 3), (14, 3)]",4,"[1, 0, 0, 0, 0, 1, 0, 0, 0, 0]","[1, 0, 0, 1, 0, 1, 0, 0, 0, 0]",0,0,0
332,d43fd935.json,"(10, 10)","(10, 10)","[(10, 10), (10, 10), (10, 10)]","[(10, 10), (10, 10), (10, 10)]",3,"[1, 0, 1, 1, 0, 0, 1, 0, 0, 0]","[1, 0, 1, 1, 0, 0, 1, 0, 0, 0]",0,0,0
333,d4469b4b.json,"(5, 5)","(3, 3)","[(5, 5), (5, 5), (5, 5), (5, 5), (5, 5), (5, 5), (5, 5)]","[(3, 3), (3, 3), (3, 3), (3, 3), (3, 3), (3, 3), (3, 3)]",7,"[1, 1, 0, 0, 0, 0, 0, 0, 0, 0]","[1, 0, 0, 0, 0, 1, 0, 0, 0, 0]",0,0,0
334,d4a91cb9.json,"(13, 12)","(13, 12)","[(12, 10), (11, 8), (11, 12)]","[(12, 10), (11, 8), (11, 12)]",3,"[1, 0, 1, 0, 0, 0, 0, 0, 1, 0]","[1, 0, 1, 0, 1, 0, 0, 0, 1, 0]",0,0,0
335,d4f3cd78.json,"(10, 10)","(10, 10)","[(10, 10), (10, 10)]","[(10, 10), (10, 10)]",2,"[1, 0, 0, 0, 0, 1, 0, 0, 0, 0]","[1, 0, 0, 0, 0, 1, 0, 0, 1, 0]",0,0,0
336,d511f180.json,"(4, 4)","(4, 4)","[(5, 5), (3, 3), (3, 3)]","[(5, 5), (3, 3), (3, 3)]",3,"[0, 1, 0, 1, 1, 1, 1, 1, 1, 1]","[0, 1, 0, 1, 1, 1, 1, 1, 1, 1]",0,0,0
337,d5d6de2d.json,"(10, 10)","(10, 10)","[(10, 10), (10, 10), (15, 15)]","[(10, 10), (10, 10), (15, 15)]",3,"[1, 0, 1, 0, 0, 0, 0, 0, 0, 0]","[1, 0, 0, 1, 0, 0, 0, 0, 0, 0]",0,0,0
338,d631b094.json,"(3, 3)","(5, 1)","[(3, 3), (3, 3), (3, 3), (3, 3)]","[(2, 1), (3, 1), (1, 1), (4, 1)]",4,"[1, 0, 0, 0, 1, 0, 0, 0, 0, 0]","[0, 0, 0, 0, 1, 0, 0, 0, 0, 0]",16,16,16
339,d687bc17.json,"(17, 14)","(17, 14)","[(15, 10), (12, 12), (11, 14)]","[(15, 10), (12, 12), (11, 14)]",3,"[1, 1, 1, 1, 1, 0, 1, 1, 1, 0]","[1, 1, 1, 0, 1, 0, 0, 0, 1, 0]",0,0,0
340,d6ad076f.json,"(10, 10)","(10, 10)","[(10, 10), (10, 10), (10, 10)]","[(10, 10), (10, 10), (10, 10)]",3,"[1, 1, 1, 0, 0, 0, 0, 0, 0, 0]","[1, 1, 1, 0, 0, 0, 0, 0, 1, 0]",0,0,0
341,d89b689b.json,"(10, 10)","(10, 10)","[(10, 10), (10, 10), (10, 10)]","[(10, 10), (10, 10), (10, 10)]",3,"[1, 0, 0, 1, 1, 0, 1, 1, 1, 0]","[1, 0, 0, 1, 1, 0, 1, 1, 0, 0]",0,0,0
342,d8c310e9.json,"(15, 5)","(15, 5)","[(15, 5), (15, 5), (15, 5)]","[(15, 5), (15, 5), (15, 5)]",3,"[1, 0, 1, 1, 0, 0, 1, 0, 0, 0]","[1, 0, 1, 1, 0, 0, 1, 0, 0, 0]",0,0,0
343,d90796e8.json,"(9, 7)","(9, 7)","[(3, 3), (6, 7), (7, 7)]","[(3, 3), (6, 7), (7, 7)]",3,"[1, 0, 1, 1, 0, 1, 0, 0, 0, 0]","[1, 0, 1, 1, 0, 1, 0, 0, 1, 0]",0,0,0
344,d9f24cd1.json,"(10, 10)","(10, 10)","[(10, 10), (10, 10)]","[(10, 10), (10, 10)]",2,"[1, 0, 1, 0, 0, 1, 0, 0, 0, 0]","[1, 0, 1, 0, 0, 1, 0, 0, 0, 0]",0,0,0
345,d9fac9be.json,"(12, 12)","(1, 1)","[(9, 5), (9, 7), (9, 11), (12, 11)]","[(1, 1), (1, 1), (1, 1), (1, 1)]",4,"[1, 1, 0, 0, 1, 0, 0, 0, 0, 0]","[0, 0, 0, 0, 1, 0, 0, 0, 0, 0]",14,11,14
346,dae9d2b5.json,"(6, 3)","(3, 3)","[(6, 3), (6, 3), (6, 3), (6, 3), (6, 3)]","[(3, 3), (3, 3), (3, 3), (3, 3), (3, 3)]",5,"[1, 0, 0, 1, 1, 0, 0, 0, 0, 0]","[1, 0, 0, 0, 0, 0, 1, 0, 0, 0]",0,0,0
347,db3e9e38.json,"(9, 9)","(9, 9)","[(7, 5), (8, 7)]","[(7, 5), (8, 7)]",2,"[1, 0, 0, 0, 0, 0, 0, 1, 0, 0]","[1, 0, 0, 0, 0, 0, 0, 1, 1, 0]",0,0,0
348,db93a21d.json,"(30, 30)","(30, 30)","[(10, 10), (15, 15), (20, 20), (20, 20)]","[(10, 10), (15, 15), (20, 20), (20, 20)]",4,"[1, 0, 0, 0, 0, 0, 0, 0, 0, 1]","[1, 1, 0, 1, 0, 0, 0, 0, 0, 1]",0,0,0
349,dbc1a6ce.json,"(21, 19)","(21, 19)","[(9, 10), (11, 10), (12, 12), (9, 8)]","[(9, 10), (11, 10), (12, 12), (9, 8)]",4,"[1, 1, 0, 0, 0, 0, 0, 0, 0, 0]","[1, 1, 0, 0, 0, 0, 0, 0, 1, 0]",0,0,0
350,dc0a314f.json,"(16, 16)","(5, 5)","[(16, 16), (16, 16), (16, 16)]","[(5, 5), (5, 5), (5, 5)]",3,"[0, 0, 1, 1, 1, 1, 1, 0, 1, 1]","[0, 0, 1, 0, 1, 1, 1, 0, 0, 1]",0,0,0
351,dc1df850.json,"(10, 10)","(10, 10)","[(5, 5), (8, 8), (5, 4)]","[(5, 5), (8, 8), (5, 4)]",3,"[1, 0, 1, 0, 0, 1, 0, 1, 0, 0]","[1, 1, 1, 0, 0, 1, 0, 1, 0, 0]",0,0,0
352,dc433765.json,"(11, 11)","(11, 11)","[(3, 3), (3, 5), (5, 5), (7, 7), (10, 10), (11, 11), (3, 3)]","[(3, 3), (3, 5), (5, 5), (7, 7), (10, 10), (11, 11), (3, 3)]",7,"[1, 0, 0, 1, 1, 0, 0, 0, 0, 0]","[1, 0, 0, 1, 1, 0, 0, 0, 0, 0]",0,0,0
353,ddf7fa4f.json,"(10, 10)","(10, 10)","[(10, 10), (10, 10), (10, 10)]","[(10, 10), (10, 10), (10, 10)]",3,"[1, 0, 0, 1, 0, 1, 1, 0, 0, 1]","[1, 0, 0, 1, 0, 0, 1, 0, 0, 1]",0,0,0
354,de1cd16c.json,"(19, 18)","(1, 1)","[(13, 17), (15, 16), (17, 16), (19, 16)]","[(1, 1), (1, 1), (1, 1), (1, 1)]",4,"[0, 1, 1, 1, 1, 0, 0, 0, 1, 0]","[0, 0, 1, 0, 0, 0, 0, 0, 0, 0]",0,0,0
355,ded97339.json,"(10, 10)","(10, 10)","[(10, 10), (10, 10), (10, 10)]","[(10, 10), (10, 10), (10, 10)]",3,"[1, 0, 0, 0, 0, 0, 0, 0, 1, 0]","[1, 0, 0, 0, 0, 0, 0, 0, 1, 0]",15,11,14
356,e179c5f4.json,"(5, 10)","(5, 10)","[(2, 10), (3, 10), (4, 10)]","[(2, 10), (3, 10), (4, 10)]",3,"[1, 1, 0, 0, 0, 0, 0, 0, 0, 0]","[0, 1, 0, 0, 0, 0, 0, 0, 1, 0]",15,12,14
357,e21d9049.json,"(20, 20)","(20, 20)","[(11, 12), (14, 15)]","[(11, 12), (14, 15)]",2,"[1, 1, 1, 1, 1, 0, 0, 0, 0, 0]","[1, 1, 1, 1, 1, 0, 0, 0, 0, 0]",0,0,0
358,e26a3af2.json,"(15, 15)","(15, 15)","[(17, 13), (14, 13), (14, 15)]","[(17, 13), (14, 13), (14, 15)]",3,"[0, 1, 1, 1, 1, 1, 1, 1, 1, 1]","[0, 1, 1, 1, 1, 0, 0, 0, 1, 0]",0,0,0
359,e3497940.json,"(9, 10)","(4, 10)","[(9, 10), (9, 10), (9, 10)]","[(4, 10), (4, 10), (4, 10)]",3,"[1, 1, 0, 0, 0, 1, 1, 0, 0, 0]","[1, 1, 0, 0, 0, 0, 1, 0, 0, 0]",0,0,0
360,e40b9e2f.json,"(10, 10)","(10, 10)","[(10, 10), (10, 10), (10, 10)]","[(10, 10), (10, 10), (10, 10)]",3,"[1, 0, 1, 1, 0, 0, 0, 0, 0, 0]","[1, 0, 1, 1, 0, 0, 0, 0, 0, 0]",0,0,0
361,e48d4e1a.json,"(10, 10)","(10, 10)","[(10, 10), (10, 10), (10, 10), (10, 10)]","[(10, 10), (10, 10), (10, 10), (10, 10)]",4,"[1, 0, 0, 0, 0, 1, 0, 0, 1, 0]","[1, 0, 0, 0, 0, 0, 0, 0, 1, 0]",0,0,0
362,e5062a87.json,"(10, 10)","(10, 10)","[(10, 10), (10, 10), (10, 10)]","[(10, 10), (10, 10), (10, 10)]",3,"[1, 0, 1, 0, 0, 1, 0, 0, 0, 0]","[1, 0, 1, 0, 0, 1, 0, 0, 0, 0]",15,11,13
363,e509e548.json,"(16, 14)","(16, 14)","[(21, 19), (11, 10), (12, 14)]","[(21, 19), (11, 10), (12, 14)]",3,"[1, 0, 0, 1, 0, 0, 0, 0, 0, 0]","[1, 1, 1, 0, 0, 0, 1, 0, 0, 0]",0,0,0
364,e50d258f.json,"(10, 10)","(3, 6)","[(10, 10), (10, 10), (10, 10)]","[(4, 5), (3, 3), (4, 6)]",3,"[1, 1, 1, 0, 0, 0, 0, 0, 1, 0]","[0, 1, 1, 0, 0, 0, 0, 0, 1, 0]",17,12,17
365,e6721834.json,"(12, 24)","(12, 12)","[(17, 30), (20, 11), (16, 10)]","[(17, 15), (10, 11), (8, 10)]",3,"[0, 1, 1, 0, 1, 0, 0, 0, 1, 0]","[0, 1, 0, 0, 1, 0, 0, 0, 1, 0]",0,0,0
366,e73095fd.json,"(18, 16)","(18, 16)","[(19, 12), (16, 13), (17, 15)]","[(19, 12), (16, 13), (17, 15)]",3,"[1, 0, 0, 0, 0, 1, 0, 0, 0, 0]","[1, 0, 0, 0, 1, 1, 0, 0, 0, 0]",0,0,0
367,e76a88a6.json,"(10, 10)","(10, 10)","[(10, 10), (10, 10)]","[(10, 10), (10, 10)]",2,"[1, 1, 0, 0, 1, 1, 0, 0, 0, 0]","[1, 1, 0, 0, 1, 0, 0, 0, 0, 0]",0,0,0
368,e8593010.json,"(10, 10)","(10, 10)","[(10, 10), (10, 10), (10, 10)]","[(10, 10), (10, 10), (10, 10)]",3,"[1, 0, 0, 0, 0, 1, 0, 0, 0, 0]","[0, 1, 1, 1, 0, 1, 0, 0, 0, 0]",0,0,0
369,e8dc4411.json,"(16, 18)","(16, 18)","[(14, 12), (15, 13), (16, 12)]","[(14, 12), (15, 13), (16, 12)]",3,"[1, 0, 0, 1, 0, 0, 1, 0, 0, 0]","[1, 0, 0, 1, 0, 0, 1, 0, 0, 0]",0,0,0
370,e9614598.json,"(12, 12)","(12, 12)","[(10, 10), (10, 10)]","[(10, 10), (10, 10)]",2,"[1, 1, 0, 0, 0, 0, 0, 0, 0, 0]","[1, 1, 0, 1, 0, 0, 0, 0, 0, 0]",0,0,0
371,e98196ab.json,"(11, 11)","(11, 5)","[(11, 11), (11, 11), (11, 11)]","[(11, 5), (11, 5), (11, 5)]",3,"[1, 0, 0, 0, 0, 1, 1, 1, 0, 0]","[1, 0, 0, 0, 0, 0, 1, 1, 0, 0]",0,0,0
372,e9afcf9a.json,"(6, 2)","(6, 2)","[(6, 2), (6, 2)]","[(6, 2), (6, 2)]",2,"[0, 0, 1, 0, 0, 0, 1, 0, 0, 0]","[0, 0, 1, 0, 0, 0, 1, 0, 0, 0]",0,0,0
373,ea32f347.json,"(10, 10)","(10, 10)","[(10, 10), (10, 10), (10, 10), (10, 10)]","[(10, 10), (10, 10), (10, 10), (10, 10)]",4,"[1, 0, 0, 0, 0, 1, 0, 0, 0, 0]","[1, 1, 1, 0, 1, 0, 0, 0, 0, 0]",0,0,0
374,ea786f4a.json,"(11, 11)","(11, 11)","[(3, 3), (5, 5), (7, 7)]","[(3, 3), (5, 5), (7, 7)]",3,"[1, 0, 0, 0, 0, 0, 1, 0, 0, 0]","[1, 0, 0, 0, 0, 0, 1, 0, 0, 0]",0,0,0
375,eb281b96.json,"(17, 5)","(17, 17)","[(17, 3), (17, 4)]","[(17, 9), (17, 13)]",2,"[1, 0, 0, 1, 0, 0, 0, 0, 0, 0]","[1, 0, 0, 1, 0, 0, 0, 0, 0, 0]",0,0,0
376,eb5a1d5d.json,"(27, 26)","(9, 9)","[(27, 23), (25, 22), (22, 21)]","[(5, 5), (3, 3), (7, 7)]",3,"[0, 1, 1, 1, 0, 0, 0, 0, 1, 0]","[0, 1, 1, 1, 0, 0, 0, 0, 1, 0]",0,0,0
377,ec883f72.json,"(12, 12)","(12, 12)","[(6, 6), (8, 8), (9, 9), (12, 12)]","[(6, 6), (8, 8), (9, 9), (12, 12)]",4,"[1, 0, 0, 1, 1, 0, 0, 0, 0, 0]","[1, 0, 0, 1, 1, 0, 0, 0, 0, 0]",0,0,0
378,ecdecbb3.json,"(19, 17)","(19, 17)","[(13, 13), (18, 13), (12, 17)]","[(13, 13), (18, 13), (12, 17)]",3,"[1, 0, 1, 0, 0, 0, 0, 0, 1, 0]","[1, 0, 1, 0, 0, 0, 0, 0, 1, 0]",0,0,0
379,ed36ccf7.json,"(3, 3)","(3, 3)","[(3, 3), (3, 3), (3, 3), (3, 3)]","[(3, 3), (3, 3), (3, 3), (3, 3)]",4,"[1, 0, 0, 0, 0, 1, 0, 0, 0, 0]","[1, 0, 0, 0, 0, 1, 0, 0, 0, 0]",0,0,0
380,ef135b50.json,"(10, 10)","(10, 10)","[(10, 10), (10, 10), (10, 10)]","[(10, 10), (10, 10), (10, 10)]",3,"[1, 0, 1, 0, 0, 0, 0, 0, 0, 0]","[1, 0, 1, 0, 0, 0, 0, 0, 0, 1]",0,0,0
381,f15e1fac.json,"(17, 12)","(17, 12)","[(12, 17), (10, 14), (12, 12)]","[(12, 17), (10, 14), (12, 12)]",3,"[1, 0, 1, 0, 0, 0, 0, 0, 1, 0]","[1, 0, 1, 0, 0, 0, 0, 0, 1, 0]",0,0,0
382,f1cefba8.json,"(18, 19)","(18, 19)","[(13, 19), (17, 15), (18, 16)]","[(13, 19), (17, 15), (18, 16)]",3,"[1, 1, 0, 0, 0, 0, 0, 0, 1, 0]","[1, 1, 0, 0, 0, 0, 0, 0, 1, 0]",0,0,0
383,f25fbde4.json,"(9, 9)","(10, 6)","[(9, 9), (9, 9), (9, 9)]","[(8, 6), (6, 6), (6, 8)]",3,"[1, 0, 0, 0, 1, 0, 0, 0, 0, 0]","[1, 0, 0, 0, 1, 0, 0, 0, 0, 0]",0,0,0
384,f25ffba3.json,"(4, 10)","(4, 10)","[(4, 10), (4, 10)]","[(4, 10), (4, 10)]",2,"[1, 1, 0, 1, 1, 0, 0, 1, 0, 0]","[1, 1, 0, 1, 1, 0, 0, 1, 0, 0]",0,0,0
385,f2829549.json,"(7, 4)","(3, 4)","[(7, 4), (7, 4), (7, 4), (7, 4), (7, 4)]","[(3, 4), (3, 4), (3, 4), (3, 4), (3, 4)]",5,"[1, 1, 0, 0, 0, 1, 0, 1, 0, 0]","[1, 0, 0, 1, 0, 0, 0, 0, 0, 0]",0,0,0
386,f35d900a.json,"(18, 17)","(18, 17)","[(14, 14), (14, 17), (16, 17), (16, 17)]","[(14, 14), (14, 17), (16, 17), (16, 17)]",4,"[1, 1, 0, 0, 1, 0, 0, 0, 0, 0]","[1, 1, 0, 0, 1, 1, 0, 0, 0, 0]",0,0,0
387,f5b8619d.json,"(4, 4)","(8, 8)","[(3, 3), (6, 6), (2, 2)]","[(6, 6), (12, 12), (4, 4)]",3,"[1, 0, 0, 1, 0, 0, 0, 0, 0, 0]","[1, 0, 0, 1, 0, 0, 0, 0, 1, 0]",0,0,0
388,f76d97a5.json,"(5, 5)","(5, 5)","[(3, 3), (5, 5), (5, 5)]","[(3, 3), (5, 5), (5, 5)]",3,"[0, 0, 0, 1, 0, 1, 0, 0, 0, 0]","[1, 0, 0, 1, 0, 0, 0, 0, 0, 0]",18,17,18
389,f8a8fe49.json,"(15, 15)","(15, 15)","[(15, 15), (15, 15), (15, 15)]","[(15, 15), (15, 15), (15, 15)]",3,"[1, 0, 1, 0, 0, 1, 0, 0, 0, 0]","[1, 0, 1, 0, 0, 1, 0, 0, 0, 0]",0,0,0
390,f8b3ba0a.json,"(13, 15)","(1, 3)","[(13, 13), (16, 13), (10, 13), (13, 13)]","[(1, 3), (1, 3), (1, 3), (1, 3)]",4,"[1, 1, 1, 0, 1, 0, 0, 0, 1, 0]","[0, 1, 0, 0, 1, 0, 0, 0, 1, 0]",0,0,0
391,f8c80d96.json,"(10, 10)","(10, 10)","[(10, 10), (10, 10), (10, 10)]","[(10, 10), (10, 10), (10, 10)]",3,"[1, 0, 0, 0, 1, 0, 0, 0, 0, 0]","[0, 0, 0, 0, 1, 1, 0, 0, 0, 0]",0,0,0
392,f8ff0b80.json,"(12, 12)","(1, 3)","[(12, 12), (12, 12), (12, 12)]","[(1, 3), (1, 3), (1, 3)]",3,"[1, 1, 0, 1, 0, 0, 1, 0, 0, 0]","[0, 1, 0, 1, 0, 0, 1, 0, 0, 0]",0,0,0
393,f9012d9b.json,"(7, 7)","(3, 3)","[(5, 5), (4, 4), (7, 7)]","[(2, 2), (1, 1), (2, 2)]",3,"[1, 1, 0, 0, 0, 0, 0, 0, 1, 0]","[0, 1, 0, 0, 0, 0, 0, 0, 1, 0]",36,12,18
394,fafffa47.json,"(3, 6)","(3, 3)","[(3, 6), (3, 6), (3, 6), (3, 6), (3, 6)]","[(3, 3), (3, 3), (3, 3), (3, 3), (3, 3)]",5,"[1, 1, 0, 0, 0, 0, 0, 0, 0, 1]","[1, 0, 1, 0, 0, 0, 0, 0, 0, 0]",0,0,0
395,fcb5c309.json,"(17, 17)","(8, 8)","[(13, 13), (16, 13), (16, 15)]","[(7, 7), (7, 6), (7, 7)]",3,"[1, 1, 0, 0, 0, 0, 0, 0, 1, 0]","[1, 0, 0, 0, 0, 0, 0, 0, 1, 0]",0,0,0
396,fcc82909.json,"(10, 10)","(10, 10)","[(10, 10), (10, 10), (10, 10)]","[(10, 10), (10, 10), (10, 10)]",3,"[1, 1, 1, 0, 1, 0, 1, 1, 1, 1]","[1, 1, 1, 1, 1, 0, 1, 1, 1, 1]",0,0,0
397,feca6190.json,"(5, 1)","(20, 20)","[(5, 1), (5, 1), (5, 1), (5, 1), (5, 1)]","[(10, 10), (5, 5), (15, 15), (15, 15), (5, 5)]",5,"[1, 0, 0, 0, 0, 0, 1, 1, 1, 1]","[1, 0, 0, 0, 0, 0, 1, 1, 1, 1]",0,0,0
398,ff28f65a.json,"(6, 6)","(3, 3)","[(5, 5), (5, 5), (7, 7), (6, 6), (3, 3), (7, 7), (7, 7), (7, 7)]","[(3, 3), (3, 3), (3, 3), (3, 3), (3, 3), (3, 3), (3, 3), (3, 3)]",8,"[1, 0, 1, 0, 0, 0, 0, 0, 0, 0]","[1, 1, 0, 0, 0, 0, 0, 0, 0, 0]",0,0,0
399,ff805c23.json,"(24, 24)","(5, 5)","[(24, 24), (24, 24), (24, 24)]","[(5, 5), (5, 5), (5, 5)]",3,"[1, 1, 0, 1, 1, 0, 0, 0, 1, 0]","[1, 0, 0, 0, 0, 0, 0, 0, 1, 0]",0,0,0
